branch,subdomain,k,abs_coeff,normalized_abs_coeff,real_coeff,imag_coeff
down,outer,0,9.9981296320907498e-01,1.0000000000000002e+00,9.9184139637563773e-01,-1.2600240409030342e-01
down,outer,1,1.2666986922818235e-01,1.2669356558612047e-01,1.0920965075409593e-02,1.2619821033638512e-01
down,outer,2,2.7947749369057026e-03,2.7952977604284936e-03,-2.7882455379070791e-03,-1.9092869951250815e-04
down,outer,3,2.6436252323360223e-05,2.6441197800144983e-05,2.6049425616449258e-05,-4.5058697226446814e-06
down,outer,4,5.1743232324863356e-07,5.1752912023449259e-07,-1.7688332933802725e-07,4.8625970113178556e-07
down,outer,5,1.4751393292808105e-08,1.4754152862212274e-08,1.1496919143928122e-08,-9.2425350568490144e-09
down,outer,6,5.3844962215330944e-09,5.3855035088269022e-09,1.4153221337121163e-10,-5.3826358034221875e-09
down,outer,7,5.2561117333115278e-09,5.2570950034905699e-09,-1.3114552874949045e-11,-5.2560953721900826e-09
down,outer,8,5.0939971213561738e-09,5.0949500644661557e-09,3.7265976193979671e-11,-5.0938608068343692e-09
down,outer,9,5.1863369003572245e-09,5.1873071176340504e-09,-6.7499506661589599e-11,-5.1858976330629034e-09
down,outer,10,5.1713559101398411e-09,5.1723233248961574e-09,6.7878151598917849e-11,-5.1709104136383736e-09
down,outer,11,5.0966261849246929e-09,5.0975796198582775e-09,-4.0932233302920731e-11,-5.0964618139584707e-09
down,outer,12,5.2154242504313841e-09,5.2163999091305704e-09,-9.7596121178914411e-12,-5.2154151188528679e-09
down,outer,13,5.1093311072911208e-09,5.1102869189571495e-09,5.0883823298663092e-11,-5.1090777250360188e-09
down,outer,14,5.1315980509386566e-09,5.1325580281214741e-09,-6.2111258186134619e-11,-5.1312221495472165e-09
down,outer,15,5.1955413723175869e-09,5.1965133114913689e-09,2.6312575106635773e-11,-5.1954747424903311e-09
down,outer,16,5.0855804559937957e-09,5.0865318245832048e-09,2.4881501896317550e-11,-5.0855195885228333e-09
down,outer,17,5.1439020207054861e-09,5.1448642996138321e-09,-5.7541193000642299e-11,-5.1435801743266380e-09
down,outer,18,5.1729872181414194e-09,5.1739549380694279e-09,3.5945703491565996e-11,-5.1728623280979558e-09
down,outer,19,5.0759258997373427e-09,5.0768754622317254e-09,1.5126920516005544e-11,-5.0759033595902957e-09
down,outer,20,5.1349002007461481e-09,5.1358607956680087e-09,-5.2511858066545557e-11,-5.1346316884841150e-09
down,outer,21,5.1592253279466022e-09,5.1601904734133124e-09,3.1943917712448343e-11,-5.1591264348382573e-09
down,outer,22,5.0694042916694132e-09,5.0703526341549649e-09,1.9888449835180468e-11,-5.0693652780165110e-09
down,outer,23,5.1108093195746922e-09,5.1117654077725243e-09,-4.9801532137604620e-11,-5.1105666719502130e-09
down,outer,24,5.1496305163342308e-09,5.1505938668824516e-09,1.8055056111985297e-11,-5.1495988649320586e-09
down,outer,25,5.0677101298711046e-09,5.0686581554267928e-09,3.2280699417171288e-11,-5.0676073167564342e-09
down,outer,26,5.0766031464014506e-09,5.0775528355895730e-09,-4.2447699635466748e-11,-5.0764256814070241e-09
down,outer,27,5.1347484415718139e-09,5.1357090081038152e-09,-5.2344187326476474e-12,-5.1347457735592621e-09
down,outer,28,5.0753898807961031e-09,5.0763393430164682e-09,4.1909376147513447e-11,-5.0752168472173094e-09
down,outer,29,5.0413667203800624e-09,5.0423098178272395e-09,-2.1800581410207429e-11,-5.0413195836016783e-09
down,outer,30,5.1025560698699944e-09,5.1035106141177116e-09,-3.0749514718952645e-11,-5.1024634161855262e-09
down,outer,31,5.0877594402267031e-09,5.0887112164425720e-09,3.4692426592797949e-11,-5.0876411584498604e-09
down,outer,32,5.0215103572131759e-09,5.0224497400951463e-09,1.1130322031614344e-11,-5.0214980218586835e-09
down,outer,33,5.0506655428684459e-09,5.0516103798629003e-09,-4.0440886660369579e-11,-5.0505036343521960e-09
down,outer,34,5.0857156464188443e-09,5.0866670402985669e-09,3.9992240146559452e-12,-5.0857140739955805e-09
down,outer,35,5.0284634278665676e-09,5.0294041114718433e-09,3.5837775286858382e-11,-5.0283357186303779e-09
down,outer,36,4.9993664484239529e-09,5.0003016888054855e-09,-1.8120687828805738e-11,-4.9993336082221739e-09
down,outer,37,5.0475404381617375e-09,5.0484846905372910e-09,-3.0629359574323784e-11,-5.0474475051465424e-09
down,outer,38,5.0440453001119853e-09,5.0449888986458413e-09,2.4803706107703111e-11,-5.0439843145815914e-09
down,outer,39,4.9820249256370842e-09,4.9829569219090765e-09,2.1536150759467790e-11,-4.9819783775002135e-09
down,outer,40,4.9836352794236264e-09,4.9845675769473688e-09,-3.0800843690070381e-11,-4.9835400977963230e-09
down,outer,41,5.0253939512216583e-09,5.0263340606144739e-09,-1.6102511973191581e-11,-5.0253681530892229e-09
down,outer,42,4.9982976737104003e-09,4.9992327141543444e-09,3.1302724793525716e-11,-4.9981996533191129e-09
down,outer,43,4.9449092695649819e-09,4.9458343225451188e-09,9.1952122118236486e-12,-4.9449007201663883e-09
down,outer,44,4.9609159446891417e-09,4.9618439920664892e-09,-3.3081382786310510e-11,-4.9608056434800894e-09
down,outer,45,4.9919598006945725e-09,4.9928936555013289e-09,-6.6296748409860371e-12,-4.9919553983546467e-09
down,outer,46,4.9553148190202487e-09,4.9562418185850460e-09,3.1461038850990139e-11,-4.9552149457552385e-09
down,outer,47,4.9094744732582097e-09,4.9103928973879193e-09,3.0811647773169524e-12,-4.9094735063953236e-09
down,outer,48,4.9287239732238157e-09,4.9296459983917522e-09,-3.2112070795710273e-11,-4.9286193623712075e-09
down,outer,49,4.9531736847310703e-09,4.9541002837500648e-09,-3.6523905284786453e-12,-4.9531723381239009e-09
down,outer,50,4.9154137320275863e-09,4.9163332672250067e-09,2.9917486904648043e-11,-4.9153226853364038e-09
down,outer,51,4.8720563250833251e-09,4.8729677493334426e-09,2.7115357572466619e-12,-4.8720555705326552e-09
down,outer,52,4.8880471706202476e-09,4.8889615863063072e-09,-3.0460554979034999e-11,-4.8879522600777293e-09
down,outer,53,4.9108719905832417e-09,4.9117906761490054e-09,-5.7117019537002736e-12,-4.9108686690193419e-09
down,outer,54,4.8772989991794838e-09,4.8782114041859776e-09,2.7989154542562286e-11,-4.8772186884150673e-09
down,outer,55,4.8322949090353695e-09,4.8331988950466025e-09,6.9029672739495441e-12,-4.8322899785641964e-09
down,outer,56,4.8402424040560125e-09,4.8411478768192875e-09,-2.7808615855084278e-11,-4.8401625190592674e-09
down,outer,57,4.8643555697840838e-09,4.8652655534401982e-09,-1.1538849016419903e-11,-4.8643418839811019e-09
down,outer,58,4.8397060210326813e-09,4.8406113934538295e-09,2.4311939286028515e-11,-4.8396449559475063e-09
down,outer,59,4.7919084012497017e-09,4.7928048320850258e-09,1.4087365018791820e-11,-4.7918876940214592e-09
down,outer,60,4.7870630639539583e-09,4.7879585883634089e-09,-2.2384937007362326e-11,-4.7870107262118633e-09
down,outer,61,4.8116160633520355e-09,4.8125161809347933e-09,-1.9254302034202897e-11,-4.8115775389117983e-09
down,outer,62,4.8003144234265227e-09,4.8012124267913801e-09,1.6754709277772915e-11,-4.8002851835566734e-09
down,outer,63,4.7529295764544754e-09,4.7538187154516536e-09,2.1534125179716739e-11,-4.7528807938121552e-09
down,outer,64,4.7316068934163101e-09,4.7324920435412136e-09,-1.2298946002913961e-11,-4.7315909089598989e-09
down,outer,65,4.7510430481254784e-09,4.7519318342064436e-09,-2.5271813639745858e-11,-4.7509758345603897e-09
down,outer,66,4.7552137814292350e-09,4.7561033477367044e-09,4.2147850189564823e-12,-4.7552119135409482e-09
down,outer,67,4.7159983099347429e-09,4.7168805401341475e-09,2.4956662765495084e-11,-4.7159322752018992e-09
down,outer,68,4.6787316464974846e-09,4.6796069051558167e-09,2.3141994221229564e-12,-4.6787310741715108e-09
down,outer,69,4.6838793636264791e-09,4.6847555852774185e-09,-2.4696586545157395e-11,-4.6838142546026533e-09
down,outer,70,4.6996379484648581e-09,4.7005171181023168e-09,-1.1213226082112656e-11,-4.6996245711984075e-09
down,outer,71,4.6778279447407447e-09,4.6787030343419803e-09,1.9486462877855091e-11,-4.6777873571125404e-09
down,outer,72,4.6327721668793121e-09,4.6336388278159732e-09,1.6842650421985086e-11,-4.6327415506736827e-09
down,outer,73,4.6157452179378877e-09,4.6166086936128987e-09,-1.3982148809135234e-11,-4.6157240403246763e-09
down,outer,74,4.6309866427991489e-09,4.6318529697146422e-09,-2.2713401810583893e-11,-4.6309309417397195e-09
down,outer,75,4.6307624775923685e-09,4.6316287625728770e-09,4.0021570557024930e-12,-4.6307607481510330e-09
down,outer,76,4.5933126028279350e-09,4.5941718819937023e-09,2.2944457002108992e-11,-4.5932552965397882e-09
down,outer,77,4.5556083258455821e-09,4.5564605516051315e-09,4.5117261622374962e-12,-4.5556060917116864e-09
down,outer,78,4.5538422152565762e-09,4.5546941106266737e-09,-2.1608287883507557e-11,-4.5537909485776424e-09
down,outer,79,4.5668677262526989e-09,4.5677220583283272e-09,-1.4749691047189358e-11,-4.5668439075254712e-09
down,outer,80,4.5513472950981016e-09,4.5521987237390435e-09,1.3715976250127839e-11,-4.5513266277638561e-09
down,outer,81,4.5086298508416277e-09,4.5094732882542259e-09,1.9744635096212939e-11,-4.5085866168107624e-09
down,outer,82,4.4810190111787653e-09,4.4818572833824337e-09,-5.2737343919371003e-12,-4.4810159078350844e-09
down,outer,83,4.4866627394198628e-09,4.4875020674058210e-09,-2.2858772518680880e-11,-4.4866045082910401e-09
down,outer,84,4.4928811687267589e-09,4.4937216600053577e-09,-6.8142732660784169e-12,-4.4928760011800222e-09
down,outer,85,4.4671083993990320e-09,4.4679440693197911e-09,1.8221428331465149e-11,-4.4670712364513448e-09
down,outer,86,4.4246338549192893e-09,4.4254615790513977e-09,1.5041216613355563e-11,-4.4246082890918964e-09
down,outer,87,4.4046981800376728e-09,4.4055221747675914e-09,-1.1016007455074907e-11,-4.4046844046772447e-09
down,outer,88,4.4122857715464289e-09,4.4131111857005985e-09,-2.1388504953563760e-11,-4.4122339309749793e-09
down,outer,89,4.4119921981247278e-09,4.4128175573595948e-09,-1.3866996778825360e-12,-4.4119919802032138e-09
down,outer,90,4.3807556158760861e-09,4.3815751316279035e-09,1.9485217071392263e-11,-4.3807122813927820e-09
down,outer,91,4.3400592601803940e-09,4.3408711627925029e-09,1.1317293914786641e-11,-4.3400445044649063e-09
down,outer,92,4.3242031944899463e-09,4.3250121308796188e-09,-1.3634642099699150e-11,-4.3241816987462345e-09
down,outer,93,4.3311110846298856e-09,4.3319213132908644e-09,-1.9710283938329341e-11,-4.3310662350177619e-09
down,outer,94,4.3264992373176293e-09,4.3273086032321210e-09,1.2349857978369237e-12,-4.3264990610561916e-09
down,outer,95,4.2930582125798400e-09,4.2938613226223011e-09,1.9346900794412302e-11,-4.2930146184271096e-09
down,outer,96,4.2536140419836783e-09,4.2544097731349268e-09,9.5124991987693730e-12,-4.2536034054104905e-09
down,outer,97,4.2386518133962982e-09,4.2394447455368083e-09,-1.4097089176692110e-11,-4.2386283709809322e-09
down,outer,98,4.2439327497918043e-09,4.2447266698464872e-09,-1.8774555671755217e-11,-4.2438912216048557e-09
down,outer,99,4.2374867419017105e-09,4.2382794560902217e-09,1.4750722887228910e-12,-4.2374864851648223e-09
down,outer,100,4.2040296913933879e-09,4.2048161467118996e-09,1.8662087181237711e-11,-4.2039882698003840e-09
down,outer,101,4.1647522883452006e-09,4.1655313959700011e-09,9.6508809386431623e-12,-4.1647411064523196e-09
down,outer,102,4.1481011744969904e-09,4.1488771671682802e-09,-1.2944738612820706e-11,-4.1480809765005262e-09
down,outer,103,4.1513559380226518e-09,4.1521325395683490e-09,-1.8687949541544152e-11,-4.1513138745098357e-09
down,outer,104,4.1452339099262676e-09,4.1460093662132703e-09,-2.5944706929282561e-13,-4.1452339018069688e-09
down,outer,105,4.1135174680996313e-09,4.1142869911353983e-09,1.7575102206632469e-11,-4.1134799229050854e-09
down,outer,106,4.0736394026119872e-09,4.0744014655870519e-09,1.1438667736281364e-11,-4.0736233428476626e-09
down,outer,107,4.0532188793380179e-09,4.0539771222094400e-09,-1.0179056382237064e-11,-4.0532060977247755e-09
down,outer,108,4.0537355065817375e-09,4.0544938460995379e-09,-1.8907794859893498e-11,-4.0536914106299495e-09
down,outer,109,4.0493433025871246e-09,4.0501008204475050e-09,-3.7164069980624528e-12,-4.0493415971644357e-09
down,outer,110,4.0211141492200953e-09,4.0218663862025008e-09,1.5431540953485595e-11,-4.0210845388529014e-09
down,outer,111,3.9807215311454469e-09,3.9814662118088808e-09,1.3985165386338837e-11,-3.9806969645621189e-09
down,outer,112,3.9549426760111712e-09,3.9556825341782829e-09,-5.8462985606875154e-12,-3.9549383549339354e-09
down,outer,113,3.9513349046967093e-09,3.9520740879516189e-09,-1.8647722004656473e-11,-3.9512909019127652e-09
down,outer,114,3.9490948379675396e-09,3.9498336021691783e-09,-8.4337248625731002e-12,-3.9490858323853646e-09
down,outer,115,3.9261891527133664e-09,3.9269236319076871e-09,1.1601716305242163e-11,-3.9261720113951807e-09
down,outer,116,3.8865937554887014e-09,3.8873208275015741e-09,1.6332182992619397e-11,-3.8865594399162950e-09
down,outer,117,3.8547116207509419e-09,3.8554327285161113e-09,1.7138314564047312e-13,-3.8547116169410348e-09
down,outer,118,3.8448566554674451e-09,3.8455759196467156e-09,-1.6584281351081394e-11,-3.8448208882475103e-09
down,outer,119,3.8437070802400701e-09,3.8444261293662556e-09,-1.3370001745100188e-11,-3.8436838269739334e-09
down,outer,120,3.8275647972787295e-09,3.8282808266393051e-09,5.5355930341834044e-12,-3.8275607943672328e-09
down,outer,121,3.7913515775846530e-09,3.7920608324737523e-09,1.6881334314778844e-11,-3.7913139945677658e-09
down,outer,122,3.7541300302733514e-09,3.7548323220613320e-09,7.0736114979014794e-12,-3.7541233661429629e-09
down,outer,123,3.7357708882894735e-09,3.7364697456000794e-09,-1.1725062593351427e-11,-3.7357524881472413e-09
down,outer,124,3.7329008808215049e-09,3.7335992012347045e-09,-1.6840251302886369e-11,-3.7328628948802851e-09
down,outer,125,3.7236045241610503e-09,3.7243011054882602e-09,-2.4007027957150999e-12,-3.7236037502638125e-09
down,outer,126,3.6940584061430310e-09,3.6947494602253442e-09,1.4132495124876447e-11,-3.6940313724408913e-09
down,outer,127,3.6543967118992825e-09,3.6550803463978467e-09,1.3204793216228789e-11,-3.6543728547284830e-09
down,outer,128,3.6263881058693053e-09,3.6270665007480778e-09,-3.7951234594201736e-12,-3.6263861200137382e-09
down,outer,129,3.6176351697401802e-09,3.6183119271916087e-09,-1.6689738556582059e-11,-3.6175966709913886e-09
down,outer,130,3.6128918155264503e-09,3.6135676856301618e-09,-1.0504772572163933e-11,-3.6128765437600019e-09
down,outer,131,3.5925857908315423e-09,3.5932578622510645e-09,7.2841712795168225e-12,-3.5925784062889242e-09
down,outer,132,3.5553778954135059e-09,3.5560430062857936e-09,1.5952706267602901e-11,-3.5553421059523529e-09
down,outer,133,3.5192013287885819e-09,3.5198596720461486e-09,5.6800748315604014e-12,-3.5191967448975101e-09
down,outer,134,3.5004725553254198e-09,3.5011273949579932e-09,-1.1478494036951793e-11,-3.5004537355550238e-09
down,outer,135,3.4952028082671133e-09,3.4958566620787230e-09,-1.5859465749085947e-11,-3.4951668269575443e-09
down,outer,136,3.4841034175020245e-09,3.4847551949308445e-09,-2.6933534687188040e-12,-3.4841023764660502e-09
down,outer,137,3.4548581232711504e-09,3.4555044297307151e-09,1.2874515450830651e-11,-3.4548341347718219e-09
down,outer,138,3.4155795289253651e-09,3.4162184874683605e-09,1.3304036186889668e-11,-3.4155536185273330e-09
down,outer,139,3.3854060138703132e-09,3.3860393278001315e-09,-1.6528037397929640e-12,-3.3854056104090510e-09
down,outer,140,3.3729198451891708e-09,3.3735508233091858e-09,-1.5086989496571498e-11,-3.3728861031494777e-09
down,outer,141,3.3666860837859523e-09,3.3673158957451242e-09,-1.2099133228114477e-11,-3.3666643428968563e-09
down,outer,142,3.3485772154670677e-09,3.3492036397680048e-09,3.7634745399655707e-12,-3.3485751005770450e-09
down,outer,143,3.3138171571903514e-09,3.3144370788653061e-09,1.4840226167677325e-11,-3.3137839276235912e-09
down,outer,144,3.2757959256654405e-09,3.2764087346409272e-09,9.0597159404145113e-12,-3.2757833976246627e-09
down,outer,145,3.2512407211103394e-09,3.2518489364999961e-09,-7.0070985026564952e-12,-3.2512331702258228e-09
down,outer,146,3.2418031171604891e-09,3.2424095670407739e-09,-1.5725107805644810e-11,-3.2417649778193307e-09
down,outer,147,3.2325706313697357e-09,3.2331753541124673e-09,-7.7496626327496845e-12,-3.2325613419582947e-09
down,outer,148,3.2087293612638476e-09,3.2093296239777375e-09,8.0814013423866578e-12,-3.2087191844705019e-09
down,outer,149,3.1712958660925754e-09,3.1718891260558837e-09,1.4643342488845367e-11,-3.1712620583636119e-09
down,outer,150,3.1356980920036930e-09,3.1362846926280300e-09,5.0400410814528051e-12,-3.1356940415451090e-09
down,outer,151,3.1151771446105423e-09,3.1157599063447185e-09,-1.0265901745841994e-11,-3.1151602291961221e-09
down,outer,152,3.1065715428600438e-09,3.1071526947289806e-09,-1.4946493401511927e-11,-3.1065355869912115e-09
down,outer,153,3.0940865209020812e-09,3.0946653371757340e-09,-4.1984748645885409e-12,-3.0940836723716374e-09
down,outer,154,3.0663314532985524e-09,3.0669050773822981e-09,1.0442851604007575e-11,-3.0663136708983946e-09
down,outer,155,3.0279826817388330e-09,3.0285491318496134e-09,1.3562160059971109e-11,-3.0279523095195543e-09
down,outer,156,2.9946610909114275e-09,2.9952213074928918e-09,2.0646057794551649e-12,-2.9946603792119394e-09
down,outer,157,2.9765099409475005e-09,2.9770667619610281e-09,-1.1867076819416466e-11,-2.9764862843707267e-09
down,outer,158,2.9675870167925071e-09,2.9681421685787279e-09,-1.3733045923297312e-11,-2.9675552405448361e-09
down,outer,159,2.9524853899543230e-09,2.9530377166523270e-09,-1.7619767148749410e-12,-2.9524848642002869e-09
down,outer,160,2.9224511841328556e-09,2.9229978922785085e-09,1.1532599174313828e-11,-2.9224284290288127e-09
down,outer,161,2.8840364998823642e-09,2.8845760217246476e-09,1.2498207172971312e-11,-2.8840094187556285e-09
down,outer,162,2.8522338997599032e-09,2.8527674722331655e-09,3.1351975874357879e-13,-2.8522338825287359e-09
down,outer,163,2.8350719454272707e-09,2.8356023073831837e-09,-1.2442137580291523e-11,-2.8350446432042658e-09
down,outer,164,2.8254364990309974e-09,2.8259650584667999e-09,-1.2818494377139263e-11,-2.8254074212860774e-09
down,outer,165,2.8087257622048646e-09,2.8092511955333802e-09,-5.9530758636391028e-13,-2.8087256991173374e-09
down,outer,166,2.7777235619494152e-09,2.7782431956411377e-09,1.1751203489803422e-11,-2.7776987050120263e-09
down,outer,167,2.7395240980768548e-09,2.7400365857268671e-09,1.1827722383698735e-11,-2.7394985652354371e-09
down,outer,168,2.7083104003948024e-09,2.7088170488428215e-09,-2.8524552147246547e-13,-2.7083103853734432e-09
down,outer,169,2.6910936333629093e-09,2.6915970610396699e-09,-1.2364198100191689e-11,-2.6910652296315162e-09
down,outer,170,2.6807317838565218e-09,2.6812332731236488e-09,-1.2417086888510419e-11,-2.6807030258743272e-09
down,outer,171,2.6634357931513771e-09,2.6639340468267321e-09,-5.4111136419992521e-13,-2.6634357381844971e-09
down,outer,172,2.6324979938793428e-09,2.6329904599655115e-09,1.1412255208904687e-11,-2.6324732568840679e-09
down,outer,173,2.5945809736884326e-09,2.5950663465701331e-09,1.1706480100163395e-11,-2.5945545643423421e-09
down,outer,174,2.5630923273821908e-09,2.5635718096267700e-09,2.0543635051908759e-13,-2.5630923191491489e-09
down,outer,175,2.5449878995959889e-09,2.5454639950130319e-09,-1.1716575487795399e-11,-2.5449609291595895e-09
down,outer,176,2.5339682916890785e-09,2.5344423256484530e-09,-1.2456513795793441e-11,-2.5339376745590492e-09
down,outer,177,2.5169875618987338e-09,2.5174584192427568e-09,-1.4300512114842867e-12,-2.5169871556498784e-09
down,outer,178,2.4870034728333874e-09,2.4874687210004902e-09,1.0575288359848916e-11,-2.4869809885002009e-09
down,outer,179,2.4494736491117368e-09,2.4499318765079042e-09,1.1996774925722029e-11,-2.4494442706630721e-09
down,outer,180,2.4170168502815771e-09,2.4174690059266068e-09,1.6007777942078759e-12,-2.4170163201880803e-09
down,outer,181,2.3972624433957813e-09,2.3977109035487474e-09,-1.0533450216610599e-11,-2.3972393015597016e-09
down,outer,182,2.3855093013045045e-09,2.3859555627762563e-09,-1.2825950534661337e-11,-2.3854748209954320e-09
down,outer,183,2.3695336421805290e-09,2.3699769150572882e-09,-3.2164884340948675e-12,-2.3695314590921718e-09
down,outer,184,2.3413560803363839e-09,2.3417940819864862e-09,9.0588390123237463e-12,-2.3413385556907194e-09
down,outer,185,2.3045254447132024e-09,2.3049565563907317e-09,1.2387447299034464e-11,-2.3044921515336078e-09
down,outer,186,2.2706676225930575e-09,2.2710924004275281e-09,3.7430967287232423e-12,-2.2706645374249554e-09
down,outer,187,2.2485339048828309e-09,2.2489545421233264e-09,-8.6334063972511532e-12,-2.2485173305317468e-09
down,outer,188,2.2357044852722852e-09,2.2361227224904146e-09,-1.3132827372892923e-11,-2.2356659129467012e-09
down,outer,189,2.2211052972587526e-09,2.2215208033807904e-09,-5.6458911495143199e-12,-2.2210981215209784e-09
down,outer,190,2.1955633388065879e-09,2.1959740667489878e-09,6.7476531753162415e-12,-2.1955529699572630e-09
down,outer,191,2.1600954654193934e-09,2.1604995583235777e-09,1.2531560915527593e-11,-2.1600591148638609e-09
down,outer,192,2.1248096684760994e-09,2.1252071604034326e-09,6.4545163195672302e-12,-2.1247998650387270e-09
down,outer,193,2.0996049153859225e-09,2.0999976922152249e-09,-5.7613017482833352e-12,-2.0995970108844440e-09
down,outer,194,2.0849590083700350e-09,2.0853490453634386e-09,-1.2853396060608480e-11,-2.0849193885599193e-09
down,outer,195,2.0716291391903077e-09,2.0720166825413538e-09,-8.3980175848826337e-12,-2.0716121170824955e-09
down,outer,196,2.0494096510495265e-09,2.0497930377613702e-09,3.4188282130638848e-12,-2.0494067994004000e-09
down,outer,197,2.0163022919555061e-09,2.0166794852147454e-09,1.1784310375665849e-11,-2.0162678548679979e-09
down,outer,198,1.9801135811815749e-09,1.9804840045542656e-09,9.1666073859374033e-12,-1.9800923634236746e-09
down,outer,199,1.9514178617027941e-09,1.9517829169161568e-09,-1.9465421761770977e-12,-1.9514168908632162e-09
down,outer,200,1.9339292930731241e-09,1.9342910766688198e-09,-1.1458657701465715e-11,-1.9338953461265670e-09
down,outer,201,1.9211685845880013e-09,1.9215279810152436e-09,-1.0846474427176065e-11,-1.9211379659983729e-09
down,outer,202,1.9025955628424073e-09,1.9029514847814074e-09,-7.5604325796860398e-13,-1.9025954126261864e-09
down,outer,203,1.8730606297021958e-09,1.8734110264886740e-09,9.7241859347144851e-12,-1.8730353874789164e-09
down,outer,204,1.8371385552098797e-09,1.8374822319899333e-09,1.1282961220044660e-11,-1.8371039071932625e-09
down,outer,205,1.8050480708958215e-09,1.8053857444518459e-09,2.6398455439364743e-12,-1.8050461405349810e-09
down,outer,206,1.7835845154141680e-09,1.7839181737446585e-09,-8.4577516375600794e-12,-1.7835644619868467e-09
down,outer,207,1.7700137035261848e-09,1.7703448231407362e-09,-1.2205682717504151e-11,-1.7699716189758187e-09
down,outer,208,1.7547164277159446e-09,1.7550446856418775e-09,-5.3890596500823492e-12,-1.7547081522955017e-09
down,outer,209,1.7298388200036235e-09,1.7301624240311938e-09,5.9111520875914805e-12,-1.7298287202704567e-09
down,outer,210,1.6959553705195421e-09,1.6962726359098970e-09,1.1780453927535730e-11,-1.6959144553011329e-09
down,outer,211,1.6614449837593490e-09,1.6617557932302163e-09,7.1637774746848092e-12,-1.6614295393881129e-09
down,outer,212,1.6352500806936270e-09,1.6355559898373447e-09,-3.8219781136249159e-12,-1.6352456142402010e-09
down,outer,213,1.6190013532907190e-09,1.6193042227560750e-09,-1.1602317525078779e-11,-1.6189597796687930e-09
down,outer,214,1.6056616805246367e-09,1.6059620545136607e-09,-9.4955090421608514e-12,-1.6056336031651899e-09
down,outer,215,1.5859017921277660e-09,1.5861984695992903e-09,5.8545559612720459e-13,-1.5859016840636134e-09
down,outer,216,1.5560793785203879e-09,1.5563704770599080e-09,9.9084940874540623e-12,-1.5560478315274617e-09
down,outer,217,1.5211303480774143e-09,1.5214149086395921e-09,1.0503668378516798e-11,-1.5210940828208852e-09
down,outer,218,1.4903855925337631e-09,1.4906644016197884e-09,1.9498928931392815e-12,-1.4903843169967675e-09
down,outer,219,1.4695924291008546e-09,1.4698673483727800e-09,-8.3817858987028237e-12,-1.4695685262469726e-09
down,outer,220,1.4559121582583647e-09,1.4561845183376696e-09,-1.1703461132287145e-11,-1.4558651179151366e-09
down,outer,221,1.4405564103070343e-09,1.4408258977592333e-09,-5.2696123475612154e-12,-1.4405467720495559e-09
down,outer,222,1.4164035739652273e-09,1.4166685431033341e-09,5.4013557760261065e-12,-1.4163932750819067e-09
down,outer,223,1.3837937089439433e-09,1.3840525776965474e-09,1.1294092960861781e-11,-1.3837476187430373e-09
down,outer,224,1.3501372194975964e-09,1.3503897920708035e-09,7.5135608905694551e-12,-1.3501163127210354e-09
down,outer,225,1.3237804608589157e-09,1.3240281028263633e-09,-2.6798415050119646e-12,-1.3237777483404650e-09
down,outer,226,1.3069090510726282e-09,1.3071535368754119e-09,-1.0713368127512323e-11,-1.3068651389944266e-09
down,outer,227,1.2937197988203847e-09,1.2939618172862698e-09,-9.9163086666411757e-12,-1.2936817942145914e-09
down,outer,228,1.2755481430696797e-09,1.2757867621315735e-09,-1.0318403938699392e-12,-1.2755477257217425e-09
down,outer,229,1.2480621534583944e-09,1.2482956306672803e-09,8.5108093931785858e-12,-1.2480331345836447e-09
down,outer,230,1.2146007733737147e-09,1.2148279909026594e-09,1.0829802882507470e-11,-1.2145524912697483e-09
down,outer,231,1.1834462286010447e-09,1.1836676179938364e-09,4.0854951376402765e-12,-1.1834391766033084e-09
down,outer,232,1.1610458851315405e-09,1.1612630840522015e-09,-6.0960203090055148e-12,-1.1610298815781077e-09
down,outer,233,1.1465625752683934e-09,1.1467770647704947e-09,-1.1340622357026853e-11,-1.1465064889875877e-09
down,outer,234,1.1326931573652862e-09,1.1329050522906896e-09,-7.4066341958369510e-12,-1.1326689412674959e-09
down,outer,235,1.1118956497184599e-09,1.1121036540170836e-09,2.4187753320291192e-12,-1.1118930188596066e-09
down,outer,236,1.0823844824846663e-09,1.0825869660766989e-09,1.0099886785270017e-11,-1.0823373597037680e-09
down,outer,237,1.0493938054527738e-09,1.0495901174201229e-09,9.4343125367436680e-12,-1.0493513961822384e-09
down,outer,238,1.0210461783772768e-09,1.0212371873035636e-09,1.0392849516975875e-12,-1.0210456494523793e-09
down,outer,239,1.0017512142031233e-09,1.0019386135861125e-09,-8.2436730090199759e-12,-1.0017172939571084e-09
down,outer,240,9.8851108861113917e-10,9.8869601114026343e-10,-1.0939498458127711e-11,-9.8845055500043316e-10
down,outer,241,9.7357169754613098e-10,9.7375382533677320e-10,-4.9457029636950792e-12,-9.7355913548435775e-10
down,outer,242,9.5081701188741538e-10,9.5099488291850275e-10,4.8646395367927823e-12,-9.5080456739368392e-10
down,outer,243,9.2041690405010319e-10,9.2058908807889826e-10,1.0633131227245371e-11,-9.2035548229012091e-10
down,outer,244,8.8859732649388869e-10,8.8876355797766415e-10,7.8093091284298118e-12,-8.8856301033917864e-10
down,outer,245,8.6282973995822375e-10,8.6299115105371373e-10,-1.2820488176653908e-12,-8.6282878748173733e-10
down,outer,246,8.4578375479110942e-10,8.4594197706380838e-10,-9.3768325559762244e-12,-8.4573177478427800e-10
down,outer,247,8.3312351848812671e-10,8.3327937238788238e-10,-1.0085836965955123e-11,-8.3306246641577373e-10
down,outer,248,8.1724026275988686e-10,8.1739314535071750e-10,-2.9136533756323539e-12,-8.1723506881426453e-10
down,outer,249,7.9332283468300570e-10,7.9347124299798750e-10,6.4372518261880496e-12,-7.9329671738789257e-10
down,outer,250,7.6284702914436273e-10,7.6298973629614841e-10,1.0619949622282618e-11,-7.6277310292406113e-10
down,outer,251,7.3241591637647201e-10,7.3255293072581784e-10,6.4113419800086775e-12,-7.3238785438837154e-10
down,outer,252,7.0875375225875161e-10,7.0888634008493186e-10,-2.8288041772521355e-12,-7.0874810702236560e-10
down,outer,253,6.9327394826143039e-10,6.9340364025311922e-10,-9.8629060645932506e-12,-6.9320378707992751e-10
down,outer,254,6.8093430678591240e-10,6.8106169037890301e-10,-9.2476934652586713e-12,-6.8087150793933485e-10
down,outer,255,6.6450438071387062e-10,6.6462869073134188e-10,-1.5241889279280824e-12,-6.6450263267803287e-10
down,outer,256,6.4016051209682581e-10,6.4028026806345712e-10,7.2798744465862885e-12,-6.4011911756806032e-10
down,outer,257,6.1012139540891691e-10,6.1023553190451284e-10,1.0369569513853757e-11,-6.1003326889918163e-10
down,outer,258,5.8101010066189687e-10,5.8111879125575968e-10,5.4181199698645456e-12,-5.8098483719210754e-10
down,outer,259,5.5893045023790406e-10,5.5903501035225524e-10,-3.7100339226005529e-12,-5.5891813698558692e-10
down,outer,260,5.4453537208866384e-10,5.4463723929011908e-10,-9.9956460156387847e-12,-5.4444362289999289e-10
down,outer,261,5.3251219208585771e-10,5.3261181008962572e-10,-8.6635240201727033e-12,-5.3244171330920091e-10
down,outer,262,5.1603825981911474e-10,5.1613479601504627e-10,-7.8950482895849905e-13,-5.1603765587335312e-10
down,outer,263,4.9190830818518117e-10,4.9200033034810364e-10,7.5931514688471146e-12,-4.9184970032762889e-10
down,outer,264,4.6262079358401018e-10,4.6270733687943766e-10,1.0130245686561806e-11,-4.6250986668246252e-10
down,outer,265,4.3462104846418044e-10,4.3470235379744235e-10,4.9578215756662149e-12,-4.3459277004263121e-10
down,outer,266,4.1362448492552059e-10,4.1370186239426259e-10,-3.9519926678578721e-12,-4.1360560475391945e-10
down,outer,267,3.9998093494463290e-10,4.0005576009019132e-10,-9.8576080433169810e-12,-3.9985944515897958e-10
down,outer,268,3.8839053680476225e-10,3.8846319371390707e-10,-8.3449438376898492e-12,-3.8830087688780355e-10
down,outer,269,3.7236929517333041e-10,3.7243895496028174e-10,-6.0568476076762098e-13,-3.7236880257864442e-10
down,outer,270,3.4900049660673420e-10,3.4906578475093582e-10,7.5256564167125675e-12,-3.4891934759661103e-10
down,outer,271,3.2068087817218026e-10,3.2074086851494586e-10,9.9817551847538409e-12,-3.2052549070036907e-10
down,outer,272,2.9353434019008592e-10,2.9358925218166414e-10,4.9812709496751745e-12,-2.9349207112042230e-10
down,outer,273,2.7315677534598729e-10,2.7320787527023331e-10,-3.7022018656706713e-12,-2.7313168549028507e-10
down,outer,274,2.6001910726952918e-10,2.6006774950682010e-10,-9.6057680467285777e-12,-2.5984161592299906e-10
down,outer,275,2.4901212522366928e-10,2.4905870836523392e-10,-8.3857369571885154e-12,-2.4887088605156933e-10
down,outer,276,2.3389180489882907e-10,2.3393555945515287e-10,-9.9580261971944634e-13,-2.3388968505681149e-10
down,outer,277,2.1178388997162494e-10,2.1182350876094612e-10,7.0805069256989514e-12,-2.1166549665259209e-10
down,outer,278,1.8466444297810471e-10,1.8469898848419793e-10,9.9101928954472135e-12,-1.8439833127549910e-10
down,outer,279,1.5813666599158725e-10,1.5816624889921405e-10,5.4582158801862930e-12,-1.5804244053525657e-10
down,outer,280,1.3793517096837350e-10,1.3796097474636299e-10,-2.9708957308792833e-12,-1.3790317316374803e-10
down,outer,281,1.2510842123677397e-10,1.2513182549185658e-10,-9.2053043097495772e-12,-1.2476930486671383e-10
down,outer,282,1.1471540309045753e-10,1.1473686310513355e-10,-8.7208762301971315e-12,-1.1438343422009910e-10
down,outer,283,1.0059623451173643e-10,1.0061505322841104e-10,-1.8641430174537992e-12,-1.0057896086533579e-10
down,outer,284,8.0042487704804524e-11,8.0057461395473559e-11,6.5450291974507093e-12,-7.9774447229537736e-11
down,outer,285,5.4721514226288958e-11,5.4731751077372191e-11,1.0907139286805284e-11,-5.3623487687730396e-11
down,outer,286,2.9524013806631942e-11,2.9529536916454304e-11,9.1224423848235148e-12,-2.8079323998091002e-11
down,outer,287,1.0733915885072581e-11,1.0735923897826047e-11,4.2196601151505636e-12,-9.8697223233696410e-12
down,outer,288,1.8756048037111217e-12,1.8759556764407612e-12,8.3745356328614032e-13,-1.6782624672689256e-12
up,outer,0,9.9981296320907498e-01,1.0000000000000002e+00,9.9184139637563773e-01,1.2600240409030342e-01
up,outer,1,1.2666986922818235e-01,1.2669356558612047e-01,1.0920965075409593e-02,-1.2619821033638512e-01
up,outer,2,2.7947749369057026e-03,2.7952977604284936e-03,-2.7882455379070791e-03,1.9092869951250815e-04
up,outer,3,2.6436252323360223e-05,2.6441197800144983e-05,2.6049425616449258e-05,4.5058697226446814e-06
up,outer,4,5.1743232324863356e-07,5.1752912023449259e-07,-1.7688332933802725e-07,-4.8625970113178556e-07
up,outer,5,1.4751393292808105e-08,1.4754152862212274e-08,1.1496919143928122e-08,9.2425350568490144e-09
up,outer,6,5.3844962215330944e-09,5.3855035088269022e-09,1.4153221337121163e-10,5.3826358034221875e-09
up,outer,7,5.2561117333115278e-09,5.2570950034905699e-09,-1.3114552874949045e-11,5.2560953721900826e-09
up,outer,8,5.0939971213561738e-09,5.0949500644661557e-09,3.7265976193979671e-11,5.0938608068343692e-09
up,outer,9,5.1863369003572245e-09,5.1873071176340504e-09,-6.7499506661589599e-11,5.1858976330629034e-09
up,outer,10,5.1713559101398411e-09,5.1723233248961574e-09,6.7878151598917849e-11,5.1709104136383736e-09
up,outer,11,5.0966261849246929e-09,5.0975796198582775e-09,-4.0932233302920731e-11,5.0964618139584707e-09
up,outer,12,5.2154242504313841e-09,5.2163999091305704e-09,-9.7596121178914411e-12,5.2154151188528679e-09
up,outer,13,5.1093311072911208e-09,5.1102869189571495e-09,5.0883823298663092e-11,5.1090777250360188e-09
up,outer,14,5.1315980509386566e-09,5.1325580281214741e-09,-6.2111258186134619e-11,5.1312221495472165e-09
up,outer,15,5.1955413723175869e-09,5.1965133114913689e-09,2.6312575106635773e-11,5.1954747424903311e-09
up,outer,16,5.0855804559937957e-09,5.0865318245832048e-09,2.4881501896317550e-11,5.0855195885228333e-09
up,outer,17,5.1439020207054861e-09,5.1448642996138321e-09,-5.7541193000642299e-11,5.1435801743266380e-09
up,outer,18,5.1729872181414194e-09,5.1739549380694279e-09,3.5945703491565996e-11,5.1728623280979558e-09
up,outer,19,5.0759258997373427e-09,5.0768754622317254e-09,1.5126920516005544e-11,5.0759033595902957e-09
up,outer,20,5.1349002007461481e-09,5.1358607956680087e-09,-5.2511858066545557e-11,5.1346316884841150e-09
up,outer,21,5.1592253279466022e-09,5.1601904734133124e-09,3.1943917712448343e-11,5.1591264348382573e-09
up,outer,22,5.0694042916694132e-09,5.0703526341549649e-09,1.9888449835180468e-11,5.0693652780165110e-09
up,outer,23,5.1108093195746922e-09,5.1117654077725243e-09,-4.9801532137604620e-11,5.1105666719502130e-09
up,outer,24,5.1496305163342308e-09,5.1505938668824516e-09,1.8055056111985297e-11,5.1495988649320586e-09
up,outer,25,5.0677101298711046e-09,5.0686581554267928e-09,3.2280699417171288e-11,5.0676073167564342e-09
up,outer,26,5.0766031464014506e-09,5.0775528355895730e-09,-4.2447699635466748e-11,5.0764256814070241e-09
up,outer,27,5.1347484415718139e-09,5.1357090081038152e-09,-5.2344187326476474e-12,5.1347457735592621e-09
up,outer,28,5.0753898807961031e-09,5.0763393430164682e-09,4.1909376147513447e-11,5.0752168472173094e-09
up,outer,29,5.0413667203800624e-09,5.0423098178272395e-09,-2.1800581410207429e-11,5.0413195836016783e-09
up,outer,30,5.1025560698699944e-09,5.1035106141177116e-09,-3.0749514718952645e-11,5.1024634161855262e-09
up,outer,31,5.0877594402267031e-09,5.0887112164425720e-09,3.4692426592797949e-11,5.0876411584498604e-09
up,outer,32,5.0215103572131759e-09,5.0224497400951463e-09,1.1130322031614344e-11,5.0214980218586835e-09
up,outer,33,5.0506655428684459e-09,5.0516103798629003e-09,-4.0440886660369579e-11,5.0505036343521960e-09
up,outer,34,5.0857156464188443e-09,5.0866670402985669e-09,3.9992240146559452e-12,5.0857140739955805e-09
up,outer,35,5.0284634278665676e-09,5.0294041114718433e-09,3.5837775286858382e-11,5.0283357186303779e-09
up,outer,36,4.9993664484239529e-09,5.0003016888054855e-09,-1.8120687828805738e-11,4.9993336082221739e-09
up,outer,37,5.0475404381617375e-09,5.0484846905372910e-09,-3.0629359574323784e-11,5.0474475051465424e-09
up,outer,38,5.0440453001119853e-09,5.0449888986458413e-09,2.4803706107703111e-11,5.0439843145815914e-09
up,outer,39,4.9820249256370842e-09,4.9829569219090765e-09,2.1536150759467790e-11,4.9819783775002135e-09
up,outer,40,4.9836352794236264e-09,4.9845675769473688e-09,-3.0800843690070381e-11,4.9835400977963230e-09
up,outer,41,5.0253939512216583e-09,5.0263340606144739e-09,-1.6102511973191581e-11,5.0253681530892229e-09
up,outer,42,4.9982976737104003e-09,4.9992327141543444e-09,3.1302724793525716e-11,4.9981996533191129e-09
up,outer,43,4.9449092695649819e-09,4.9458343225451188e-09,9.1952122118236486e-12,4.9449007201663883e-09
up,outer,44,4.9609159446891417e-09,4.9618439920664892e-09,-3.3081382786310510e-11,4.9608056434800894e-09
up,outer,45,4.9919598006945725e-09,4.9928936555013289e-09,-6.6296748409860371e-12,4.9919553983546467e-09
up,outer,46,4.9553148190202487e-09,4.9562418185850460e-09,3.1461038850990139e-11,4.9552149457552385e-09
up,outer,47,4.9094744732582097e-09,4.9103928973879193e-09,3.0811647773169524e-12,4.9094735063953236e-09
up,outer,48,4.9287239732238157e-09,4.9296459983917522e-09,-3.2112070795710273e-11,4.9286193623712075e-09
up,outer,49,4.9531736847310703e-09,4.9541002837500648e-09,-3.6523905284786453e-12,4.9531723381239009e-09
up,outer,50,4.9154137320275863e-09,4.9163332672250067e-09,2.9917486904648043e-11,4.9153226853364038e-09
up,outer,51,4.8720563250833251e-09,4.8729677493334426e-09,2.7115357572466619e-12,4.8720555705326552e-09
up,outer,52,4.8880471706202476e-09,4.8889615863063072e-09,-3.0460554979034999e-11,4.8879522600777293e-09
up,outer,53,4.9108719905832417e-09,4.9117906761490054e-09,-5.7117019537002736e-12,4.9108686690193419e-09
up,outer,54,4.8772989991794838e-09,4.8782114041859776e-09,2.7989154542562286e-11,4.8772186884150673e-09
up,outer,55,4.8322949090353695e-09,4.8331988950466025e-09,6.9029672739495441e-12,4.8322899785641964e-09
up,outer,56,4.8402424040560125e-09,4.8411478768192875e-09,-2.7808615855084278e-11,4.8401625190592674e-09
up,outer,57,4.8643555697840838e-09,4.8652655534401982e-09,-1.1538849016419903e-11,4.8643418839811019e-09
up,outer,58,4.8397060210326813e-09,4.8406113934538295e-09,2.4311939286028515e-11,4.8396449559475063e-09
up,outer,59,4.7919084012497017e-09,4.7928048320850258e-09,1.4087365018791820e-11,4.7918876940214592e-09
up,outer,60,4.7870630639539583e-09,4.7879585883634089e-09,-2.2384937007362326e-11,4.7870107262118633e-09
up,outer,61,4.8116160633520355e-09,4.8125161809347933e-09,-1.9254302034202897e-11,4.8115775389117983e-09
up,outer,62,4.8003144234265227e-09,4.8012124267913801e-09,1.6754709277772915e-11,4.8002851835566734e-09
up,outer,63,4.7529295764544754e-09,4.7538187154516536e-09,2.1534125179716739e-11,4.7528807938121552e-09
up,outer,64,4.7316068934163101e-09,4.7324920435412136e-09,-1.2298946002913961e-11,4.7315909089598989e-09
up,outer,65,4.7510430481254784e-09,4.7519318342064436e-09,-2.5271813639745858e-11,4.7509758345603897e-09
up,outer,66,4.7552137814292350e-09,4.7561033477367044e-09,4.2147850189564823e-12,4.7552119135409482e-09
up,outer,67,4.7159983099347429e-09,4.7168805401341475e-09,2.4956662765495084e-11,4.7159322752018992e-09
up,outer,68,4.6787316464974846e-09,4.6796069051558167e-09,2.3141994221229564e-12,4.6787310741715108e-09
up,outer,69,4.6838793636264791e-09,4.6847555852774185e-09,-2.4696586545157395e-11,4.6838142546026533e-09
up,outer,70,4.6996379484648581e-09,4.7005171181023168e-09,-1.1213226082112656e-11,4.6996245711984075e-09
up,outer,71,4.6778279447407447e-09,4.6787030343419803e-09,1.9486462877855091e-11,4.6777873571125404e-09
up,outer,72,4.6327721668793121e-09,4.6336388278159732e-09,1.6842650421985086e-11,4.6327415506736827e-09
up,outer,73,4.6157452179378877e-09,4.6166086936128987e-09,-1.3982148809135234e-11,4.6157240403246763e-09
up,outer,74,4.6309866427991489e-09,4.6318529697146422e-09,-2.2713401810583893e-11,4.6309309417397195e-09
up,outer,75,4.6307624775923685e-09,4.6316287625728770e-09,4.0021570557024930e-12,4.6307607481510330e-09
up,outer,76,4.5933126028279350e-09,4.5941718819937023e-09,2.2944457002108992e-11,4.5932552965397882e-09
up,outer,77,4.5556083258455821e-09,4.5564605516051315e-09,4.5117261622374962e-12,4.5556060917116864e-09
up,outer,78,4.5538422152565762e-09,4.5546941106266737e-09,-2.1608287883507557e-11,4.5537909485776424e-09
up,outer,79,4.5668677262526989e-09,4.5677220583283272e-09,-1.4749691047189358e-11,4.5668439075254712e-09
up,outer,80,4.5513472950981016e-09,4.5521987237390435e-09,1.3715976250127839e-11,4.5513266277638561e-09
up,outer,81,4.5086298508416277e-09,4.5094732882542259e-09,1.9744635096212939e-11,4.5085866168107624e-09
up,outer,82,4.4810190111787653e-09,4.4818572833824337e-09,-5.2737343919371003e-12,4.4810159078350844e-09
up,outer,83,4.4866627394198628e-09,4.4875020674058210e-09,-2.2858772518680880e-11,4.4866045082910401e-09
up,outer,84,4.4928811687267589e-09,4.4937216600053577e-09,-6.8142732660784169e-12,4.4928760011800222e-09
up,outer,85,4.4671083993990320e-09,4.4679440693197911e-09,1.8221428331465149e-11,4.4670712364513448e-09
up,outer,86,4.4246338549192893e-09,4.4254615790513977e-09,1.5041216613355563e-11,4.4246082890918964e-09
up,outer,87,4.4046981800376728e-09,4.4055221747675914e-09,-1.1016007455074907e-11,4.4046844046772447e-09
up,outer,88,4.4122857715464289e-09,4.4131111857005985e-09,-2.1388504953563760e-11,4.4122339309749793e-09
up,outer,89,4.4119921981247278e-09,4.4128175573595948e-09,-1.3866996778825360e-12,4.4119919802032138e-09
up,outer,90,4.3807556158760861e-09,4.3815751316279035e-09,1.9485217071392263e-11,4.3807122813927820e-09
up,outer,91,4.3400592601803940e-09,4.3408711627925029e-09,1.1317293914786641e-11,4.3400445044649063e-09
up,outer,92,4.3242031944899463e-09,4.3250121308796188e-09,-1.3634642099699150e-11,4.3241816987462345e-09
up,outer,93,4.3311110846298856e-09,4.3319213132908644e-09,-1.9710283938329341e-11,4.3310662350177619e-09
up,outer,94,4.3264992373176293e-09,4.3273086032321210e-09,1.2349857978369237e-12,4.3264990610561916e-09
up,outer,95,4.2930582125798400e-09,4.2938613226223011e-09,1.9346900794412302e-11,4.2930146184271096e-09
up,outer,96,4.2536140419836783e-09,4.2544097731349268e-09,9.5124991987693730e-12,4.2536034054104905e-09
up,outer,97,4.2386518133962982e-09,4.2394447455368083e-09,-1.4097089176692110e-11,4.2386283709809322e-09
up,outer,98,4.2439327497918043e-09,4.2447266698464872e-09,-1.8774555671755217e-11,4.2438912216048557e-09
up,outer,99,4.2374867419017105e-09,4.2382794560902217e-09,1.4750722887228910e-12,4.2374864851648223e-09
up,outer,100,4.2040296913933879e-09,4.2048161467118996e-09,1.8662087181237711e-11,4.2039882698003840e-09
up,outer,101,4.1647522883452006e-09,4.1655313959700011e-09,9.6508809386431623e-12,4.1647411064523196e-09
up,outer,102,4.1481011744969904e-09,4.1488771671682802e-09,-1.2944738612820706e-11,4.1480809765005262e-09
up,outer,103,4.1513559380226518e-09,4.1521325395683490e-09,-1.8687949541544152e-11,4.1513138745098357e-09
up,outer,104,4.1452339099262676e-09,4.1460093662132703e-09,-2.5944706929282561e-13,4.1452339018069688e-09
up,outer,105,4.1135174680996313e-09,4.1142869911353983e-09,1.7575102206632469e-11,4.1134799229050854e-09
up,outer,106,4.0736394026119872e-09,4.0744014655870519e-09,1.1438667736281364e-11,4.0736233428476626e-09
up,outer,107,4.0532188793380179e-09,4.0539771222094400e-09,-1.0179056382237064e-11,4.0532060977247755e-09
up,outer,108,4.0537355065817375e-09,4.0544938460995379e-09,-1.8907794859893498e-11,4.0536914106299495e-09
up,outer,109,4.0493433025871246e-09,4.0501008204475050e-09,-3.7164069980624528e-12,4.0493415971644357e-09
up,outer,110,4.0211141492200953e-09,4.0218663862025008e-09,1.5431540953485595e-11,4.0210845388529014e-09
up,outer,111,3.9807215311454469e-09,3.9814662118088808e-09,1.3985165386338837e-11,3.9806969645621189e-09
up,outer,112,3.9549426760111712e-09,3.9556825341782829e-09,-5.8462985606875154e-12,3.9549383549339354e-09
up,outer,113,3.9513349046967093e-09,3.9520740879516189e-09,-1.8647722004656473e-11,3.9512909019127652e-09
up,outer,114,3.9490948379675396e-09,3.9498336021691783e-09,-8.4337248625731002e-12,3.9490858323853646e-09
up,outer,115,3.9261891527133664e-09,3.9269236319076871e-09,1.1601716305242163e-11,3.9261720113951807e-09
up,outer,116,3.8865937554887014e-09,3.8873208275015741e-09,1.6332182992619397e-11,3.8865594399162950e-09
up,outer,117,3.8547116207509419e-09,3.8554327285161113e-09,1.7138314564047312e-13,3.8547116169410348e-09
up,outer,118,3.8448566554674451e-09,3.8455759196467156e-09,-1.6584281351081394e-11,3.8448208882475103e-09
up,outer,119,3.8437070802400701e-09,3.8444261293662556e-09,-1.3370001745100188e-11,3.8436838269739334e-09
up,outer,120,3.8275647972787295e-09,3.8282808266393051e-09,5.5355930341834044e-12,3.8275607943672328e-09
up,outer,121,3.7913515775846530e-09,3.7920608324737523e-09,1.6881334314778844e-11,3.7913139945677658e-09
up,outer,122,3.7541300302733514e-09,3.7548323220613320e-09,7.0736114979014794e-12,3.7541233661429629e-09
up,outer,123,3.7357708882894735e-09,3.7364697456000794e-09,-1.1725062593351427e-11,3.7357524881472413e-09
up,outer,124,3.7329008808215049e-09,3.7335992012347045e-09,-1.6840251302886369e-11,3.7328628948802851e-09
up,outer,125,3.7236045241610503e-09,3.7243011054882602e-09,-2.4007027957150999e-12,3.7236037502638125e-09
up,outer,126,3.6940584061430310e-09,3.6947494602253442e-09,1.4132495124876447e-11,3.6940313724408913e-09
up,outer,127,3.6543967118992825e-09,3.6550803463978467e-09,1.3204793216228789e-11,3.6543728547284830e-09
up,outer,128,3.6263881058693053e-09,3.6270665007480778e-09,-3.7951234594201736e-12,3.6263861200137382e-09
up,outer,129,3.6176351697401802e-09,3.6183119271916087e-09,-1.6689738556582059e-11,3.6175966709913886e-09
up,outer,130,3.6128918155264503e-09,3.6135676856301618e-09,-1.0504772572163933e-11,3.6128765437600019e-09
up,outer,131,3.5925857908315423e-09,3.5932578622510645e-09,7.2841712795168225e-12,3.5925784062889242e-09
up,outer,132,3.5553778954135059e-09,3.5560430062857936e-09,1.5952706267602901e-11,3.5553421059523529e-09
up,outer,133,3.5192013287885819e-09,3.5198596720461486e-09,5.6800748315604014e-12,3.5191967448975101e-09
up,outer,134,3.5004725553254198e-09,3.5011273949579932e-09,-1.1478494036951793e-11,3.5004537355550238e-09
up,outer,135,3.4952028082671133e-09,3.4958566620787230e-09,-1.5859465749085947e-11,3.4951668269575443e-09
up,outer,136,3.4841034175020245e-09,3.4847551949308445e-09,-2.6933534687188040e-12,3.4841023764660502e-09
up,outer,137,3.4548581232711504e-09,3.4555044297307151e-09,1.2874515450830651e-11,3.4548341347718219e-09
up,outer,138,3.4155795289253651e-09,3.4162184874683605e-09,1.3304036186889668e-11,3.4155536185273330e-09
up,outer,139,3.3854060138703132e-09,3.3860393278001315e-09,-1.6528037397929640e-12,3.3854056104090510e-09
up,outer,140,3.3729198451891708e-09,3.3735508233091858e-09,-1.5086989496571498e-11,3.3728861031494777e-09
up,outer,141,3.3666860837859523e-09,3.3673158957451242e-09,-1.2099133228114477e-11,3.3666643428968563e-09
up,outer,142,3.3485772154670677e-09,3.3492036397680048e-09,3.7634745399655707e-12,3.3485751005770450e-09
up,outer,143,3.3138171571903514e-09,3.3144370788653061e-09,1.4840226167677325e-11,3.3137839276235912e-09
up,outer,144,3.2757959256654405e-09,3.2764087346409272e-09,9.0597159404145113e-12,3.2757833976246627e-09
up,outer,145,3.2512407211103394e-09,3.2518489364999961e-09,-7.0070985026564952e-12,3.2512331702258228e-09
up,outer,146,3.2418031171604891e-09,3.2424095670407739e-09,-1.5725107805644810e-11,3.2417649778193307e-09
up,outer,147,3.2325706313697357e-09,3.2331753541124673e-09,-7.7496626327496845e-12,3.2325613419582947e-09
up,outer,148,3.2087293612638476e-09,3.2093296239777375e-09,8.0814013423866578e-12,3.2087191844705019e-09
up,outer,149,3.1712958660925754e-09,3.1718891260558837e-09,1.4643342488845367e-11,3.1712620583636119e-09
up,outer,150,3.1356980920036930e-09,3.1362846926280300e-09,5.0400410814528051e-12,3.1356940415451090e-09
up,outer,151,3.1151771446105423e-09,3.1157599063447185e-09,-1.0265901745841994e-11,3.1151602291961221e-09
up,outer,152,3.1065715428600438e-09,3.1071526947289806e-09,-1.4946493401511927e-11,3.1065355869912115e-09
up,outer,153,3.0940865209020812e-09,3.0946653371757340e-09,-4.1984748645885409e-12,3.0940836723716374e-09
up,outer,154,3.0663314532985524e-09,3.0669050773822981e-09,1.0442851604007575e-11,3.0663136708983946e-09
up,outer,155,3.0279826817388330e-09,3.0285491318496134e-09,1.3562160059971109e-11,3.0279523095195543e-09
up,outer,156,2.9946610909114275e-09,2.9952213074928918e-09,2.0646057794551649e-12,2.9946603792119394e-09
up,outer,157,2.9765099409475005e-09,2.9770667619610281e-09,-1.1867076819416466e-11,2.9764862843707267e-09
up,outer,158,2.9675870167925071e-09,2.9681421685787279e-09,-1.3733045923297312e-11,2.9675552405448361e-09
up,outer,159,2.9524853899543230e-09,2.9530377166523270e-09,-1.7619767148749410e-12,2.9524848642002869e-09
up,outer,160,2.9224511841328556e-09,2.9229978922785085e-09,1.1532599174313828e-11,2.9224284290288127e-09
up,outer,161,2.8840364998823642e-09,2.8845760217246476e-09,1.2498207172971312e-11,2.8840094187556285e-09
up,outer,162,2.8522338997599032e-09,2.8527674722331655e-09,3.1351975874357879e-13,2.8522338825287359e-09
up,outer,163,2.8350719454272707e-09,2.8356023073831837e-09,-1.2442137580291523e-11,2.8350446432042658e-09
up,outer,164,2.8254364990309974e-09,2.8259650584667999e-09,-1.2818494377139263e-11,2.8254074212860774e-09
up,outer,165,2.8087257622048646e-09,2.8092511955333802e-09,-5.9530758636391028e-13,2.8087256991173374e-09
up,outer,166,2.7777235619494152e-09,2.7782431956411377e-09,1.1751203489803422e-11,2.7776987050120263e-09
up,outer,167,2.7395240980768548e-09,2.7400365857268671e-09,1.1827722383698735e-11,2.7394985652354371e-09
up,outer,168,2.7083104003948024e-09,2.7088170488428215e-09,-2.8524552147246547e-13,2.7083103853734432e-09
up,outer,169,2.6910936333629093e-09,2.6915970610396699e-09,-1.2364198100191689e-11,2.6910652296315162e-09
up,outer,170,2.6807317838565218e-09,2.6812332731236488e-09,-1.2417086888510419e-11,2.6807030258743272e-09
up,outer,171,2.6634357931513771e-09,2.6639340468267321e-09,-5.4111136419992521e-13,2.6634357381844971e-09
up,outer,172,2.6324979938793428e-09,2.6329904599655115e-09,1.1412255208904687e-11,2.6324732568840679e-09
up,outer,173,2.5945809736884326e-09,2.5950663465701331e-09,1.1706480100163395e-11,2.5945545643423421e-09
up,outer,174,2.5630923273821908e-09,2.5635718096267700e-09,2.0543635051908759e-13,2.5630923191491489e-09
up,outer,175,2.5449878995959889e-09,2.5454639950130319e-09,-1.1716575487795399e-11,2.5449609291595895e-09
up,outer,176,2.5339682916890785e-09,2.5344423256484530e-09,-1.2456513795793441e-11,2.5339376745590492e-09
up,outer,177,2.5169875618987338e-09,2.5174584192427568e-09,-1.4300512114842867e-12,2.5169871556498784e-09
up,outer,178,2.4870034728333874e-09,2.4874687210004902e-09,1.0575288359848916e-11,2.4869809885002009e-09
up,outer,179,2.4494736491117368e-09,2.4499318765079042e-09,1.1996774925722029e-11,2.4494442706630721e-09
up,outer,180,2.4170168502815771e-09,2.4174690059266068e-09,1.6007777942078759e-12,2.4170163201880803e-09
up,outer,181,2.3972624433957813e-09,2.3977109035487474e-09,-1.0533450216610599e-11,2.3972393015597016e-09
up,outer,182,2.3855093013045045e-09,2.3859555627762563e-09,-1.2825950534661337e-11,2.3854748209954320e-09
up,outer,183,2.3695336421805290e-09,2.3699769150572882e-09,-3.2164884340948675e-12,2.3695314590921718e-09
up,outer,184,2.3413560803363839e-09,2.3417940819864862e-09,9.0588390123237463e-12,2.3413385556907194e-09
up,outer,185,2.3045254447132024e-09,2.3049565563907317e-09,1.2387447299034464e-11,2.3044921515336078e-09
up,outer,186,2.2706676225930575e-09,2.2710924004275281e-09,3.7430967287232423e-12,2.2706645374249554e-09
up,outer,187,2.2485339048828309e-09,2.2489545421233264e-09,-8.6334063972511532e-12,2.2485173305317468e-09
up,outer,188,2.2357044852722852e-09,2.2361227224904146e-09,-1.3132827372892923e-11,2.2356659129467012e-09
up,outer,189,2.2211052972587526e-09,2.2215208033807904e-09,-5.6458911495143199e-12,2.2210981215209784e-09
up,outer,190,2.1955633388065879e-09,2.1959740667489878e-09,6.7476531753162415e-12,2.1955529699572630e-09
up,outer,191,2.1600954654193934e-09,2.1604995583235777e-09,1.2531560915527593e-11,2.1600591148638609e-09
up,outer,192,2.1248096684760994e-09,2.1252071604034326e-09,6.4545163195672302e-12,2.1247998650387270e-09
up,outer,193,2.0996049153859225e-09,2.0999976922152249e-09,-5.7613017482833352e-12,2.0995970108844440e-09
up,outer,194,2.0849590083700350e-09,2.0853490453634386e-09,-1.2853396060608480e-11,2.0849193885599193e-09
up,outer,195,2.0716291391903077e-09,2.0720166825413538e-09,-8.3980175848826337e-12,2.0716121170824955e-09
up,outer,196,2.0494096510495265e-09,2.0497930377613702e-09,3.4188282130638848e-12,2.0494067994004000e-09
up,outer,197,2.0163022919555061e-09,2.0166794852147454e-09,1.1784310375665849e-11,2.0162678548679979e-09
up,outer,198,1.9801135811815749e-09,1.9804840045542656e-09,9.1666073859374033e-12,1.9800923634236746e-09
up,outer,199,1.9514178617027941e-09,1.9517829169161568e-09,-1.9465421761770977e-12,1.9514168908632162e-09
up,outer,200,1.9339292930731241e-09,1.9342910766688198e-09,-1.1458657701465715e-11,1.9338953461265670e-09
up,outer,201,1.9211685845880013e-09,1.9215279810152436e-09,-1.0846474427176065e-11,1.9211379659983729e-09
up,outer,202,1.9025955628424073e-09,1.9029514847814074e-09,-7.5604325796860398e-13,1.9025954126261864e-09
up,outer,203,1.8730606297021958e-09,1.8734110264886740e-09,9.7241859347144851e-12,1.8730353874789164e-09
up,outer,204,1.8371385552098797e-09,1.8374822319899333e-09,1.1282961220044660e-11,1.8371039071932625e-09
up,outer,205,1.8050480708958215e-09,1.8053857444518459e-09,2.6398455439364743e-12,1.8050461405349810e-09
up,outer,206,1.7835845154141680e-09,1.7839181737446585e-09,-8.4577516375600794e-12,1.7835644619868467e-09
up,outer,207,1.7700137035261848e-09,1.7703448231407362e-09,-1.2205682717504151e-11,1.7699716189758187e-09
up,outer,208,1.7547164277159446e-09,1.7550446856418775e-09,-5.3890596500823492e-12,1.7547081522955017e-09
up,outer,209,1.7298388200036235e-09,1.7301624240311938e-09,5.9111520875914805e-12,1.7298287202704567e-09
up,outer,210,1.6959553705195421e-09,1.6962726359098970e-09,1.1780453927535730e-11,1.6959144553011329e-09
up,outer,211,1.6614449837593490e-09,1.6617557932302163e-09,7.1637774746848092e-12,1.6614295393881129e-09
up,outer,212,1.6352500806936270e-09,1.6355559898373447e-09,-3.8219781136249159e-12,1.6352456142402010e-09
up,outer,213,1.6190013532907190e-09,1.6193042227560750e-09,-1.1602317525078779e-11,1.6189597796687930e-09
up,outer,214,1.6056616805246367e-09,1.6059620545136607e-09,-9.4955090421608514e-12,1.6056336031651899e-09
up,outer,215,1.5859017921277660e-09,1.5861984695992903e-09,5.8545559612720459e-13,1.5859016840636134e-09
up,outer,216,1.5560793785203879e-09,1.5563704770599080e-09,9.9084940874540623e-12,1.5560478315274617e-09
up,outer,217,1.5211303480774143e-09,1.5214149086395921e-09,1.0503668378516798e-11,1.5210940828208852e-09
up,outer,218,1.4903855925337631e-09,1.4906644016197884e-09,1.9498928931392815e-12,1.4903843169967675e-09
up,outer,219,1.4695924291008546e-09,1.4698673483727800e-09,-8.3817858987028237e-12,1.4695685262469726e-09
up,outer,220,1.4559121582583647e-09,1.4561845183376696e-09,-1.1703461132287145e-11,1.4558651179151366e-09
up,outer,221,1.4405564103070343e-09,1.4408258977592333e-09,-5.2696123475612154e-12,1.4405467720495559e-09
up,outer,222,1.4164035739652273e-09,1.4166685431033341e-09,5.4013557760261065e-12,1.4163932750819067e-09
up,outer,223,1.3837937089439433e-09,1.3840525776965474e-09,1.1294092960861781e-11,1.3837476187430373e-09
up,outer,224,1.3501372194975964e-09,1.3503897920708035e-09,7.5135608905694551e-12,1.3501163127210354e-09
up,outer,225,1.3237804608589157e-09,1.3240281028263633e-09,-2.6798415050119646e-12,1.3237777483404650e-09
up,outer,226,1.3069090510726282e-09,1.3071535368754119e-09,-1.0713368127512323e-11,1.3068651389944266e-09
up,outer,227,1.2937197988203847e-09,1.2939618172862698e-09,-9.9163086666411757e-12,1.2936817942145914e-09
up,outer,228,1.2755481430696797e-09,1.2757867621315735e-09,-1.0318403938699392e-12,1.2755477257217425e-09
up,outer,229,1.2480621534583944e-09,1.2482956306672803e-09,8.5108093931785858e-12,1.2480331345836447e-09
up,outer,230,1.2146007733737147e-09,1.2148279909026594e-09,1.0829802882507470e-11,1.2145524912697483e-09
up,outer,231,1.1834462286010447e-09,1.1836676179938364e-09,4.0854951376402765e-12,1.1834391766033084e-09
up,outer,232,1.1610458851315405e-09,1.1612630840522015e-09,-6.0960203090055148e-12,1.1610298815781077e-09
up,outer,233,1.1465625752683934e-09,1.1467770647704947e-09,-1.1340622357026853e-11,1.1465064889875877e-09
up,outer,234,1.1326931573652862e-09,1.1329050522906896e-09,-7.4066341958369510e-12,1.1326689412674959e-09
up,outer,235,1.1118956497184599e-09,1.1121036540170836e-09,2.4187753320291192e-12,1.1118930188596066e-09
up,outer,236,1.0823844824846663e-09,1.0825869660766989e-09,1.0099886785270017e-11,1.0823373597037680e-09
up,outer,237,1.0493938054527738e-09,1.0495901174201229e-09,9.4343125367436680e-12,1.0493513961822384e-09
up,outer,238,1.0210461783772768e-09,1.0212371873035636e-09,1.0392849516975875e-12,1.0210456494523793e-09
up,outer,239,1.0017512142031233e-09,1.0019386135861125e-09,-8.2436730090199759e-12,1.0017172939571084e-09
up,outer,240,9.8851108861113917e-10,9.8869601114026343e-10,-1.0939498458127711e-11,9.8845055500043316e-10
up,outer,241,9.7357169754613098e-10,9.7375382533677320e-10,-4.9457029636950792e-12,9.7355913548435775e-10
up,outer,242,9.5081701188741538e-10,9.5099488291850275e-10,4.8646395367927823e-12,9.5080456739368392e-10
up,outer,243,9.2041690405010319e-10,9.2058908807889826e-10,1.0633131227245371e-11,9.2035548229012091e-10
up,outer,244,8.8859732649388869e-10,8.8876355797766415e-10,7.8093091284298118e-12,8.8856301033917864e-10
up,outer,245,8.6282973995822375e-10,8.6299115105371373e-10,-1.2820488176653908e-12,8.6282878748173733e-10
up,outer,246,8.4578375479110942e-10,8.4594197706380838e-10,-9.3768325559762244e-12,8.4573177478427800e-10
up,outer,247,8.3312351848812671e-10,8.3327937238788238e-10,-1.0085836965955123e-11,8.3306246641577373e-10
up,outer,248,8.1724026275988686e-10,8.1739314535071750e-10,-2.9136533756323539e-12,8.1723506881426453e-10
up,outer,249,7.9332283468300570e-10,7.9347124299798750e-10,6.4372518261880496e-12,7.9329671738789257e-10
up,outer,250,7.6284702914436273e-10,7.6298973629614841e-10,1.0619949622282618e-11,7.6277310292406113e-10
up,outer,251,7.3241591637647201e-10,7.3255293072581784e-10,6.4113419800086775e-12,7.3238785438837154e-10
up,outer,252,7.0875375225875161e-10,7.0888634008493186e-10,-2.8288041772521355e-12,7.0874810702236560e-10
up,outer,253,6.9327394826143039e-10,6.9340364025311922e-10,-9.8629060645932506e-12,6.9320378707992751e-10
up,outer,254,6.8093430678591240e-10,6.8106169037890301e-10,-9.2476934652586713e-12,6.8087150793933485e-10
up,outer,255,6.6450438071387062e-10,6.6462869073134188e-10,-1.5241889279280824e-12,6.6450263267803287e-10
up,outer,256,6.4016051209682581e-10,6.4028026806345712e-10,7.2798744465862885e-12,6.4011911756806032e-10
up,outer,257,6.1012139540891691e-10,6.1023553190451284e-10,1.0369569513853757e-11,6.1003326889918163e-10
up,outer,258,5.8101010066189687e-10,5.8111879125575968e-10,5.4181199698645456e-12,5.8098483719210754e-10
up,outer,259,5.5893045023790406e-10,5.5903501035225524e-10,-3.7100339226005529e-12,5.5891813698558692e-10
up,outer,260,5.4453537208866384e-10,5.4463723929011908e-10,-9.9956460156387847e-12,5.4444362289999289e-10
up,outer,261,5.3251219208585771e-10,5.3261181008962572e-10,-8.6635240201727033e-12,5.3244171330920091e-10
up,outer,262,5.1603825981911474e-10,5.1613479601504627e-10,-7.8950482895849905e-13,5.1603765587335312e-10
up,outer,263,4.9190830818518117e-10,4.9200033034810364e-10,7.5931514688471146e-12,4.9184970032762889e-10
up,outer,264,4.6262079358401018e-10,4.6270733687943766e-10,1.0130245686561806e-11,4.6250986668246252e-10
up,outer,265,4.3462104846418044e-10,4.3470235379744235e-10,4.9578215756662149e-12,4.3459277004263121e-10
up,outer,266,4.1362448492552059e-10,4.1370186239426259e-10,-3.9519926678578721e-12,4.1360560475391945e-10
up,outer,267,3.9998093494463290e-10,4.0005576009019132e-10,-9.8576080433169810e-12,3.9985944515897958e-10
up,outer,268,3.8839053680476225e-10,3.8846319371390707e-10,-8.3449438376898492e-12,3.8830087688780355e-10
up,outer,269,3.7236929517333041e-10,3.7243895496028174e-10,-6.0568476076762098e-13,3.7236880257864442e-10
up,outer,270,3.4900049660673420e-10,3.4906578475093582e-10,7.5256564167125675e-12,3.4891934759661103e-10
up,outer,271,3.2068087817218026e-10,3.2074086851494586e-10,9.9817551847538409e-12,3.2052549070036907e-10
up,outer,272,2.9353434019008592e-10,2.9358925218166414e-10,4.9812709496751745e-12,2.9349207112042230e-10
up,outer,273,2.7315677534598729e-10,2.7320787527023331e-10,-3.7022018656706713e-12,2.7313168549028507e-10
up,outer,274,2.6001910726952918e-10,2.6006774950682010e-10,-9.6057680467285777e-12,2.5984161592299906e-10
up,outer,275,2.4901212522366928e-10,2.4905870836523392e-10,-8.3857369571885154e-12,2.4887088605156933e-10
up,outer,276,2.3389180489882907e-10,2.3393555945515287e-10,-9.9580261971944634e-13,2.3388968505681149e-10
up,outer,277,2.1178388997162494e-10,2.1182350876094612e-10,7.0805069256989514e-12,2.1166549665259209e-10
up,outer,278,1.8466444297810471e-10,1.8469898848419793e-10,9.9101928954472135e-12,1.8439833127549910e-10
up,outer,279,1.5813666599158725e-10,1.5816624889921405e-10,5.4582158801862930e-12,1.5804244053525657e-10
up,outer,280,1.3793517096837350e-10,1.3796097474636299e-10,-2.9708957308792833e-12,1.3790317316374803e-10
up,outer,281,1.2510842123677397e-10,1.2513182549185658e-10,-9.2053043097495772e-12,1.2476930486671383e-10
up,outer,282,1.1471540309045753e-10,1.1473686310513355e-10,-8.7208762301971315e-12,1.1438343422009910e-10
up,outer,283,1.0059623451173643e-10,1.0061505322841104e-10,-1.8641430174537992e-12,1.0057896086533579e-10
up,outer,284,8.0042487704804524e-11,8.0057461395473559e-11,6.5450291974507093e-12,7.9774447229537736e-11
up,outer,285,5.4721514226288958e-11,5.4731751077372191e-11,1.0907139286805284e-11,5.3623487687730396e-11
up,outer,286,2.9524013806631942e-11,2.9529536916454304e-11,9.1224423848235148e-12,2.8079323998091002e-11
up,outer,287,1.0733915885072581e-11,1.0735923897826047e-11,4.2196601151505636e-12,9.8697223233696410e-12
up,outer,288,1.8756048037111217e-12,1.8759556764407612e-12,8.3745356328614032e-13,1.6782624672689256e-12
in,inner,0,8.2260542909353873e+00,8.6691077264268845e-01,7.6287259094177351e+00,3.0774194053451760e+00
in,inner,1,5.8174799263856647e+00,6.1308080878747262e-01,4.9997157095814355e+00,2.9742083849765399e+00
in,inner,2,6.8430351481304026e+00,7.2115994833924657e-01,-6.4279253160811631e+00,-2.3471059135520420e+00
in,inner,3,9.4889284463026176e+00,1.0000000000000000e+00,-8.3463724568989477e+00,-4.5141809744149199e+00
in,inner,4,5.5580684489058632e+00,5.8574247665146817e-01,-4.4643147240472434e+00,-3.3108939770668906e+00
in,inner,5,7.3311357331570726e-01,7.7259890562391853e-02,1.9671890547130522e-01,-7.0622743051363879e-01
in,inner,6,3.4008677275518564e+00,3.5840376990902617e-01,3.0438381985566534e+00,1.5168883681112189e+00
in,inner,7,4.4536240658503852e+00,4.6934952571865474e-01,3.6725090143992798e+00,2.5194135942869216e+00
in,inner,8,3.6011019299909930e+00,3.7950564706746953e-01,2.7773633871395473e+00,2.2922015020415625e+00
in,inner,9,1.8027729379505526e+00,1.8998698832564251e-01,1.2804119786515098e+00,1.2690687257720097e+00
in,inner,10,1.1864600063137423e-01,1.2503624756239458e-02,-1.1671692279487084e-01,-2.1308059487344631e-02
in,inner,11,1.5684326295790492e+00,1.6529080585386777e-01,-1.0531782468177173e+00,-1.1622377097471110e+00
in,inner,12,2.4101141202439407e+00,2.5399223251420416e-01,-1.4539289488949345e+00,-1.9221708259581129e+00
in,inner,13,2.6510950191197731e+00,2.7938824010763602e-01,-1.4166642221967645e+00,-2.2408407533667596e+00
in,inner,14,2.4411877647993960e+00,2.5726695892101603e-01,-1.1066834144682656e+00,-2.1759249810476309e+00
in,inner,15,1.9670380388114126e+00,2.0729822655348124e-01,-6.8534971793135435e-01,-1.8437826363924954e+00
in,inner,16,1.3991402399747714e+00,1.4744976188749212e-01,-2.7391968856909554e-01,-1.3720646542094401e+00
in,inner,17,8.7177406256627676e-01,9.1872761766473798e-02,5.6000746021402051e-02,-8.6997352408470285e-01
in,inner,18,4.9841864693209242e-01,5.2526336324761981e-02,2.7631364774099154e-01,-4.1481552005883898e-01
in,inner,19,3.9293328139520611e-01,4.1409657962834932e-02,3.8968881863522908e-01,-5.0390358787011383e-02
in,inner,20,4.6516498470418410e-01,4.9021866624511926e-02,4.1621372369114162e-01,2.0771278055526063e-01
in,inner,21,5.2803329235001373e-01,5.5647304681253347e-02,3.8254549143252681e-01,3.6397541787137450e-01
in,inner,22,5.3660601265376939e-01,5.6550749190532587e-02,3.1459372367197641e-01,4.3471462115090792e-01
in,inner,23,4.9924274503014104e-01,5.2613184708403204e-02,2.3352618960918489e-01,4.4125824324520607e-01
in,inner,24,4.3349170102727147e-01,4.5683946662721700e-02,1.5432492518807989e-01,4.0509119013527173e-01
in,inner,25,3.5548844104214927e-01,3.7463496858875157e-02,8.5996919762868246e-02,3.4492979214019254e-01
in,inner,26,2.7729937772515262e-01,2.9223465989271207e-02,3.2658611161267274e-02,2.7536949722831328e-01
in,inner,27,2.0671017894072277e-01,2.1784354272506697e-02,-5.0784110665884376e-03,2.0664778687115037e-01
in,inner,28,1.4791452893077317e-01,1.5588117221856426e-02,-2.8779735566276356e-02,1.4508767931684530e-01
in,inner,29,1.0247652920348696e-01,1.0799589203712162e-02,-4.1102346337943171e-02,9.3872446240144847e-02
in,inner,30,7.0226294104476811e-02,7.4008666523184335e-03,-4.5010741525137316e-02,5.3905153102516583e-02
in,inner,31,4.9783125440259111e-02,5.2464433388848264e-03,-4.3279549066827752e-02,2.4601630254367752e-02
in,inner,32,3.8498534171475210e-02,4.0572056570282447e-03,-3.8229812688850909e-02,4.5407659186109083e-03
in,inner,33,3.2643130657731764e-02,3.4401282339157307e-03,-3.1634657015870919e-02,-8.0512393223624822e-03
in,inner,34,2.8913224006024238e-02,3.0470483753400356e-03,-2.4733971045969902e-02,-1.4973483185941031e-02
in,inner,35,2.5573159526641763e-02,2.6950524151761733e-03,-1.8309073505196442e-02,-1.7853971982625658e-02
in,inner,36,2.2119487907309263e-02,2.3310838555145996e-03,-1.2781755946555796e-02,-1.8052657981701373e-02
in,inner,37,1.8595787145014142e-02,1.9597352061665120e-03,-8.3145612160544172e-03,-1.6633441355508996e-02
in,inner,38,1.5191008555323402e-02,1.6009192862280054e-03,-4.8992342561630523e-03,-1.4379299170375004e-02
in,inner,39,1.2077141025445434e-02,1.2727613127013640e-03,-2.4275961842993208e-03,-1.1830642929041200e-02
in,inner,40,9.3624264399380114e-03,9.8666846240010389e-04,-7.4388273073314540e-04,-9.3328274025703140e-03
in,inner,41,7.0909614107198529e-03,7.4728789987692050e-04,3.1966172737289201e-04,-7.0837525442643086e-03
in,inner,42,5.2576670253347644e-03,5.5408437897784188e-04,9.2086261720709570e-04,-5.1763959073396820e-03
in,inner,43,3.8256770224804853e-03,4.0317271271775361e-04,1.1959884714262737e-03,-3.6339257362459402e-03
in,inner,44,2.7411953590104799e-03,2.8888355250255817e-04,1.2552955678646976e-03,-2.4368801844899639e-03
in,inner,45,1.9444002443264464e-03,2.0491252045262142e-04,1.1831520578302872e-03,-1.5429982236505333e-03
in,inner,46,1.3764641769819007e-03,1.4506002282251829e-04,1.0407563200373450e-03,-9.0082179859103369e-04
in,inner,47,9.8340184422238369e-04,1.0363676465550422e-04,8.7004157686430676e-04,-4.5837412857561679e-04
in,inner,48,7.1781764820421365e-04,7.5647914542333061e-05,6.9784165831234977e-04,-1.6816419356479554e-04
in,inner,49,5.3987101132139297e-04,5.6894834266745362e-05,5.3977105928763782e-04,1.0388090329071813e-05
in,inner,50,4.1832598521956169e-04,4.4085692877425304e-05,4.0354194957050425e-04,1.1022941915275415e-04
in,inner,51,3.3119129709348907e-04,3.4902918592724610e-05,2.9162436942932631e-04,1.5698057977156139e-04
in,inner,52,2.6485479719469483e-04,2.7911981705151975e-05,2.0326547801830148e-04,1.6979755311262389e-04
in,inner,53,2.1183433092109390e-04,2.2324368037956449e-05,1.3594526649846717e-04,1.6245820469723359e-04
in,inner,54,1.6832230740779016e-04,1.7738810905817014e-05,8.6369443910282298e-05,1.4447393650659349e-04
in,inner,55,1.3236955150842543e-04,1.3949894580562837e-05,5.1104542555578709e-05,1.2210660873485405e-04
in,inner,56,1.0283250073788920e-04,1.0837103611837027e-05,2.6949325401595899e-05,9.9238385055415329e-05
in,inner,57,7.8863145721040723e-05,8.3110697026880766e-06,1.1122654751602285e-05,7.8074850651760862e-05
in,inner,58,5.9706270748993321e-05,6.2922037073910070e-06,1.3299246761460676e-06,5.9691457237261957e-05
in,inner,59,4.4641615008736404e-05,4.7046002360921066e-06,-4.2443668476439772e-06,4.4439387266825134e-05
in,inner,60,3.2985819959265318e-05,3.4762428809459846e-06,-6.9850422848633567e-06,3.2237765162364116e-05
in,inner,61,2.4109031765792442e-05,2.5407538798742426e-06,-7.9125489068088354e-06,2.2773602755851945e-05
in,inner,62,1.7451274464830189e-05,1.8391196185729609e-06,-7.7533826091014873e-06,1.5634322452978794e-05
in,inner,63,1.2530324711976557e-05,1.3205205185058620e-06,-7.0058375634663593e-06,1.0388805389547644e-05
in,inner,64,8.9435438508721827e-06,9.4252411128224438e-07,-5.9973988186724613e-06,6.6346201113748618e-06
in,inner,65,6.3629105050443752e-06,6.7056154349268987e-07,-4.9318383562465727e-06,4.0203980552998945e-06
in,inner,66,4.5277467647307621e-06,4.7716101879712334e-07,-3.9265936312043053e-06,2.2544075099492702e-06
in,inner,67,3.2348668132491987e-06,3.4090960128481862e-07,-3.0410256892616083e-06,1.1029624004071876e-06
in,inner,68,2.3294269339878203e-06,2.4548893451667735e-07,-2.2973568626261837e-06,3.8520291604850822e-07
in,inner,69,1.6957469192064141e-06,1.7870794671943866e-07,-1.6953783127746843e-06,-3.5355205717255963e-08
in,inner,70,1.2497102015859993e-06,1.3170193121995263e-07,-1.2226670435143601e-06,-2.5857472547016809e-07
in,inner,71,9.3183529565935039e-07,9.8202373527481084e-08,-8.6114892247138475e-07,-3.5600498811522554e-07
in,inner,72,7.0134681976377116e-07,7.3912120186452935e-08,-5.9131539090866824e-07,-3.7713852901458444e-07
in,inner,73,5.3110174360644579e-07,5.5970676416407248e-08,-3.9453686364388812e-07,-3.5554145368416746e-07
in,inner,74,4.0319975294836224e-07,4.2491600103220288e-08,-2.5435668748741215e-07,-3.1284615437631844e-07
in,inner,75,3.0598640615505530e-07,3.2246676522709326e-08,-1.5689495321167615e-07,-2.6270069358186400e-07
in,inner,76,2.3151161394977340e-07,2.4398077745014763e-08,-9.0940279044661690e-08,-2.1290254352850737e-07
in,inner,77,1.7439873538448230e-07,1.8379181208014818e-08,-4.7664871098988127e-08,-1.6775869267141875e-07
in,inner,78,1.3058902390578801e-07,1.3762251938644591e-08,-2.0351254289570984e-08,-1.2899348670963077e-07
in,inner,79,9.7201006862481604e-08,1.0243623124838316e-08,-3.9683046178454571e-09,-9.7119968562289920e-08
in,inner,80,7.1828129155371562e-08,7.5696776049944346e-09,5.1226087903539458e-09,-7.1645230246972670e-08
in,inner,81,5.2758185957802838e-08,5.5599729997289829e-09,9.5304815928165763e-09,-5.1890231317340352e-08
in,inner,82,3.8459508277923624e-08,4.0530928750874348e-09,1.1044110180903713e-08,-3.6839671650161793e-08
in,inner,83,2.7894398991121258e-08,2.9396785052152409e-09,1.0891038122116813e-08,-2.5680396875797401e-08
in,inner,84,2.0081553476849037e-08,2.1163141434240512e-09,9.8559424796888536e-09,-1.7496547884671775e-08
in,inner,85,1.4412277627123695e-08,1.5188519661289545e-09,8.4503958228076839e-09,-1.1674954254264324e-08
in,inner,86,1.0270777337775547e-08,1.0823959097064937e-09,6.9639747008930380e-09,-7.5492995362143029e-09
in,inner,87,7.3193325190963778e-09,7.7135501237216852e-10,5.5721330994665384e-09,-4.7459415553640309e-09
in,inner,88,5.1831916845532316e-09,5.4623572238790295e-10,4.3458270948905252e-09,-2.8247589100907611e-09
in,inner,89,3.6855328389416121e-09,3.8840348094074715e-10,3.3211938326123155e-09,-1.5977558740730504e-09
in,inner,90,2.6080666531758601e-09,2.7485365370123528e-10,2.4870658475554783e-09,-7.8518477910048902e-10
in,inner,91,1.8601942036106771e-09,1.9603838453808828e-10,1.8326107913762554e-09,-3.1915538923548902e-10
in,inner,92,1.3250940338317829e-09,1.3964633007092690e-10,1.3249396186917482e-09,-2.0228823929008720e-11
in,inner,93,9.5090136044218879e-10,1.0021166940221892e-10,9.4445466131049134e-10,1.1053863586859810e-10
in,inner,94,6.8754815270350128e-10,7.2457934169732936e-11,6.5940736737384483e-10,1.9469048805499565e-10
in,inner,95,4.9465568305921967e-10,5.2129772698619448e-11,4.5432013906106862e-10,1.9564625226749031e-10
in,inner,96,3.6636642234848996e-10,3.8609883552367335e-11,3.0481103994283121e-10,2.0325989607741578e-10
in,inner,97,2.6067398193740670e-10,2.7471382402401706e-11,2.0184342373103836e-10,1.6495501555162229e-10
in,inner,98,2.0021257302149783e-10,2.1099597721122148e-11,1.2834512687115614e-10,1.5366392811689880e-10
in,inner,99,1.3733933936534148e-10,1.4473640531967134e-11,8.0521445082866072e-11,1.1125821775974762e-10
in,inner,100,1.1172061986983959e-10,1.1773786734936523e-11,4.6771573834218802e-11,1.0145894137616170e-10
in,inner,101,7.0935206256546204e-11,7.4755760524452332e-12,2.6704653854026171e-11,6.5716550040270660e-11
in,inner,102,6.3524172420273171e-11,6.6945570071218639e-12,1.2380723080373076e-11,6.2306004346994612e-11
in,inner,103,3.4937478985330246e-11,3.6819203752077733e-12,5.2893126859987639e-12,3.4534773912103800e-11
in,inner,104,3.6947535499458353e-11,3.8937521458342377e-12,-2.0136909235951263e-13,3.6946986750916206e-11
in,inner,105,1.5659024509259595e-11,1.6502416050319327e-12,-1.7575243440377036e-12,1.5560082157935657e-11
in,inner,106,2.2206944529300192e-11,2.3403005571143469e-12,-3.5823095069035618e-12,2.1916100107550247e-11
in,inner,107,5.8480816658539209e-12,6.1630580301536992e-13,-3.0997784393317473e-12,4.9589749744832151e-12
in,inner,108,1.4006253196971914e-11,1.4760626846574528e-12,-3.6030058180807562e-12,1.3534898510611824e-11
in,inner,109,2.6434810168131141e-12,2.7858583103165380e-13,-2.5903756377553145e-12,-5.2720578674275091e-13
in,inner,110,9.4586647076123900e-12,9.9681062631450029e-13,-2.7141379421724565e-12,9.0608936249076468e-12
in,inner,111,3.5601111696113720e-12,3.7518579571527671e-13,-1.7156619489286681e-12,-3.1194383496055719e-12
in,inner,112,6.9718609139410414e-12,7.3473637759990095e-13,-1.7944920241122178e-12,6.7369609601612241e-12
in,inner,113,4.3003340002475770e-12,4.5319490230988218e-13,-9.9315424711359737e-13,-4.1840790091877506e-12
in,inner,114,5.6291855003261030e-12,5.9323721663424790e-13,-1.1171707848934966e-12,5.5172147714641385e-12
in,inner,115,4.5270313614978646e-12,4.7708562532809832e-13,-5.1580961724084773e-13,-4.4975497092024520e-12
in,inner,116,4.8864040117877718e-12,5.1495846337546898e-13,-6.6823244468692004e-13,4.8404968305209512e-12
in,inner,117,4.4633953245931381e-12,4.7037927937293175e-13,-2.2916448831159880e-13,-4.4575084364358491e-12
in,inner,118,4.4368875943596593e-12,4.6758573631024720e-13,-3.8760892643689243e-13,4.4199243030994418e-12
in,inner,119,4.2724022953591920e-12,4.5025129228621628e-13,-8.7359132273768912e-14,-4.2715090723769817e-12
in,inner,120,4.1171212150051977e-12,4.3388684384161871e-13,-2.2759109411888784e-13,4.1108258772324137e-12
in,inner,121,4.0310978642424588e-12,4.2482118893131557e-13,-1.8294008283545634e-14,-4.0310563529130962e-12
in,inner,122,3.8548872599213751e-12,4.0625106214426570e-13,-1.1848238439742746e-13,3.8530660143957602e-12
in,inner,123,3.7784953035416427e-12,3.9820042114596636e-13,8.0244453057629363e-15,-3.7784867827165653e-12
in,inner,124,3.6156600640559788e-12,3.8103987025688123e-13,-5.4037021770783314e-14,3.6152562425210513e-12
in,inner,125,3.5333298997090657e-12,3.7236342540720030e-13,3.8549410577262381e-16,-3.5333298786799361e-12
in,inner,126,3.3862369440871742e-12,3.5686189049161070e-13,-1.9058828589398520e-14,3.3861833090595736e-12
in,inner,127,3.2987561420308909e-12,3.4764264065203890e-13,-1.6840695504782843e-14,-3.2987131544833423e-12
in,inner,128,3.1658341008739236e-12,3.3363452140979077e-13,1.4486868494935203e-14,3.1658009547186339e-12
in,inner,129,3.0736118231127221e-12,3.2391558651813442e-13,-3.2239643053976076e-14,-3.0734427348812054e-12
in,inner,130,2.9541592202809572e-12,3.1132695720053110e-13,4.1213945836362756e-14,2.9538717151290760e-12
in,inner,131,2.8578657768749759e-12,3.0117897853772410e-13,-5.1279967926297511e-14,-2.8574056701005349e-12
in,inner,132,2.7500898943633013e-12,2.8982091180536619e-13,6.2980485024708191e-14,2.7493686339931222e-12
in,inner,133,2.6523167916556450e-12,2.7951699780064483e-13,-7.0752046197084287e-14,-2.6513729483528753e-12
in,inner,134,2.5512103384643890e-12,2.6886179539676832e-13,7.9821951517702569e-14,2.5499613030678502e-12
in,inner,135,2.4578962819049561e-12,2.5902780232921676e-13,-9.1414530266496920e-14,-2.4561957406237728e-12
in,inner,136,2.3596719260417428e-12,2.4867633256958472e-13,9.8082036319940220e-14,2.3576326076598284e-12
in,inner,137,2.2699996637557382e-12,2.3922613355149164e-13,-1.0791367799356522e-13,-2.2674331548147267e-12
in,inner,138,2.1769185124609346e-12,2.2941668543292427e-13,1.1348329683376808e-13,2.1739585440469808e-12
in,inner,139,2.0887171382185214e-12,2.2012149738913827e-13,-1.2293908175426478e-13,-2.0850959847606987e-12
in,inner,140,2.0025397762483306e-12,2.1103961185718760e-13,1.3161077166361993e-13,1.9982102392488185e-12
in,inner,141,1.9145766982397437e-12,2.0176953689494444e-13,-1.3490443330334124e-13,-1.9098179827715788e-12
in,inner,142,1.8330668841224546e-12,1.9317954545612717e-13,1.4510614931850796e-13,1.8273145342541219e-12
in,inner,143,1.7500420355273667e-12,1.8442989062787955e-13,-1.4983384903170341e-13,-1.7436160540087700e-12
in,inner,144,1.6694126642827325e-12,1.7593268552185393e-13,1.5631940186722204e-13,1.6620778827321676e-12
in,inner,145,1.5912989887302051e-12,1.6770059946550218e-13,-1.6319970066705182e-13,-1.5829081872414325e-12
in,inner,146,1.5146659072489992e-12,1.5962454726267771e-13,1.6792740038024730e-13,1.5053282694429033e-12
in,inner,147,1.4378098747521839e-12,1.5152499914913256e-13,-1.7299741885936883e-13,-1.4273643995150248e-12
in,inner,148,1.3654616102964141e-12,1.4390050657705922e-13,1.7826481032064598e-13,1.3537751166994541e-12
in,inner,149,1.2925054604864099e-12,1.3621195141270536e-13,-1.8377853251551180e-13,-1.2793732123089147e-12
in,inner,150,1.2219932941857394e-12,1.2878095783954319e-13,1.8869473884643008e-13,1.2073366997513960e-12
in,inner,151,1.1519300726620075e-12,1.2139727675055445e-13,-1.9051427102567686e-13,-1.1360665494761532e-12
in,inner,152,1.0859380585793337e-12,1.1444264383745794e-13,1.9778006393127926e-13,1.0677754976503213e-12
in,inner,153,1.0187837632133112e-12,1.0736552277515409e-13,-2.0168434823454441e-13,-9.9862093902755882e-13
in,inner,154,9.5460793376072815e-13,1.0060229025466972e-13,2.0330959138448179e-13,9.3270655473734172e-13
in,inner,155,8.9193820049561993e-13,9.3997779153152504e-14,-2.0862941004414401e-13,-8.6719520453470977e-13
in,inner,156,8.2933572005741311e-13,8.7400355556539757e-14,2.1205876560909727e-13,8.0176606095013392e-13
in,inner,157,7.7306509561019405e-13,8.1470220793099200e-14,-2.1665385534990693e-13,-7.4208540547083938e-13
in,inner,158,7.1032733633497956e-13,7.4858540704009657e-14,2.1625910938559577e-13,6.7660691864072453e-13
in,inner,159,6.5725580056650610e-13,6.9265545028175163e-14,-2.2148332550702636e-13,-6.1881364230329276e-13
in,inner,160,6.0377685254722967e-13,6.3629613814033207e-14,2.2569137916564032e-13,5.6000882943231371e-13
in,inner,161,5.4632224598339717e-13,5.7574703937858536e-14,-2.2320802613625310e-13,-4.9864433569900431e-13
in,inner,162,5.0265236528924518e-13,5.2972510872405708e-14,2.3190091822142576e-13,4.4596116922769450e-13
in,inner,163,4.5219106067367646e-13,4.7654596958192230e-14,-2.3187933055150250e-13,-3.8821222471242659e-13
in,inner,164,4.0498686507419140e-13,4.2679936661551648e-14,2.3122861650095829e-13,3.3248712425246494e-13
in,inner,165,3.6836849885390220e-13,3.8820874341974603e-14,-2.3756922355270643e-13,-2.8152480346932407e-13
in,inner,166,3.2823936844032755e-13,3.4591826706020400e-14,2.3727624803231921e-13,2.2680622811953476e-13
in,inner,167,2.9638395278900256e-13,3.1234712588067753e-14,-2.3806882391378775e-13,-1.7654088067963080e-13
in,inner,168,2.7254963043294228e-13,2.8722909227874075e-14,2.4153056098362587e-13,1.2627861719257302e-13
in,inner,169,2.5324090884652247e-13,2.6688040728687164e-14,-2.4142724856327885e-13,-7.6445023151134388e-14
in,inner,170,2.4679249410829303e-13,2.6008468237997545e-14,2.4513647284902303e-13,2.8541983591405064e-14
in,inner,171,2.4475942165159669e-13,2.5794210909764816e-14,-2.4406923241719153e-13,1.8368023151853980e-14
in,inner,172,2.5399863460175331e-13,2.6767894398099760e-14,2.4510177837950349e-13,-6.6636511123855754e-14
in,inner,173,2.7190534343936858e-13,2.8655010413248203e-14,-2.4905077999903824e-13,1.0911564861536426e-13
in,inner,174,2.9136987693757979e-13,3.0706299303069644e-14,2.4609596767829106e-13,-1.5599096088910377e-13
in,inner,175,3.1925748979225405e-13,3.3645262644661784e-14,-2.5000564889903702e-13,1.9855105214282453e-13
in,inner,176,3.4691459033472575e-13,3.6559933220900387e-14,2.4960126558208156e-13,-2.4093347880054731e-13
in,inner,177,3.7783541811789852e-13,3.9818554882782675e-14,-2.4968260483839957e-13,2.8358102902951526e-13
in,inner,178,4.0960855939864698e-13,4.3166998435766674e-14,2.5161547228474350e-13,-3.2321637650273912e-13
in,inner,179,4.4244089379121145e-13,4.6627066090229561e-14,-2.5078685270438526e-13,3.6449951853108803e-13
in,inner,180,4.7490860078401055e-13,5.0048707129734946e-14,2.5265187318811318e-13,-4.0212586347207789e-13
in,inner,181,5.0793542933409889e-13,5.3529271741111829e-14,-2.5004892061240998e-13,4.4212434639293957e-13
in,inner,182,5.4149745413141255e-13,5.7066238532171485e-14,2.5333005369369371e-13,-4.7858476441102005e-13
in,inner,183,5.7370219430025103e-13,6.0460166555876539e-14,-2.5294306579826120e-13,5.1493107617379193e-13
in,inner,184,6.0582542350699417e-13,6.3845504467161979e-14,2.5027682593241189e-13,-5.5171183979376955e-13
in,inner,185,6.3848536085445442e-13,6.7287403890503743e-14,-2.5340072560530352e-13,5.8604746248759457e-13
in,inner,186,6.6997247368736063e-13,7.0605704055911273e-14,2.5276791293729617e-13,-6.2046071405696956e-13
in,inner,187,7.0088292644308545e-13,7.3863232335384099e-14,-2.5100015743513099e-13,6.5439727807117516e-13
in,inner,188,7.3163248053536553e-13,7.7103804151926953e-14,2.5184334748801836e-13,-6.8692140372852062e-13
in,inner,189,7.6140812154644411e-13,8.0241739186380787e-14,-2.5069014789394495e-13,7.1895533749030378e-13
in,inner,190,7.9109813142537397e-13,8.3370649900266359e-14,2.5094326392612981e-13,-7.5024244870229725e-13
in,inner,191,8.2002546537242577e-13,8.6419185265534444e-14,-2.5076806438423791e-13,7.8074140516834782e-13
in,inner,192,8.4864752429752485e-13,8.9435548924199373e-14,2.4941896301012352e-13,-8.1116755444684337e-13
in,inner,193,8.7577295141791470e-13,9.2294188577126594e-14,-2.4983147257294540e-13,8.3938221195548258e-13
in,inner,194,9.0384220271066236e-13,9.5252294063071627e-14,2.4812792894444568e-13,-8.6911636636218177e-13
in,inner,195,9.2962033154212362e-13,9.7968947368799294e-14,-2.4798306824042895e-13,8.9593434953826316e-13
in,inner,196,9.5615579799537589e-13,1.0076541344011759e-13,2.4722956053016055e-13,-9.2364032742200995e-13
in,inner,197,9.8155906944373471e-13,1.0344256203409369e-13,-2.4611318917571557e-13,9.5020340186773108e-13
in,inner,198,1.0061674785349976e-12,1.0603594328156759e-13,2.4680239842672842e-13,-9.7542891642204738e-13
in,inner,199,1.0310168067521125e-12,1.0865471402662443e-13,-2.4420071564752792e-13,1.0016794229106227e-12
in,inner,200,1.0544822454527881e-12,1.1112764222220155e-13,2.4361594047671385e-13,-1.0259552034668962e-12
in,inner,201,1.0774254120357602e-12,1.1354553026011925e-13,-2.4330790292234378e-13,1.0495936274939740e-12
in,inner,202,1.1006644212851551e-12,1.1599459596663219e-13,2.4119964946921609e-13,-1.0739110286140620e-12
in,inner,203,1.1224095056737869e-12,1.1828622294134131e-13,-2.4136072876011902e-13,1.0961514936537098e-12
in,inner,204,1.1435845220080914e-12,1.2051777273688810e-13,2.3977679648933914e-13,-1.1181648567370488e-12
in,inner,205,1.1657359802009087e-12,1.2285222581219278e-13,-2.3798257308986769e-13,1.1411856424090251e-12
in,inner,206,1.1845548555841844e-12,1.2483547139042333e-13,2.3733131599708952e-13,-1.1605361055715404e-12
in,inner,207,1.2056758855960247e-12,1.2706133178460410e-13,-2.3586896707084541e-13,1.1823790303792988e-12
in,inner,208,1.2246702131122065e-12,1.2906306755737021e-13,2.3488535457835539e-13,-1.2019342748623562e-12
in,inner,209,1.2428576359093752e-12,1.3097976688755171e-13,-2.3294633616697808e-13,1.2208321373573937e-12
in,inner,210,1.2623355570582699e-12,1.3303246664802723e-13,2.3206293331903458e-13,-1.2408214430742958e-12
in,inner,211,1.2789580717749524e-12,1.3478424661040639e-13,-2.3096935816229906e-13,1.2579296104903484e-12
in,inner,212,1.2973129904812019e-12,1.3671859766069824e-13,2.2874325082717360e-13,-1.2769876743619320e-12
in,inner,213,1.3133483023043793e-12,1.3840849467213849e-13,-2.2857796604121625e-13,1.2933042475018226e-12
in,inner,214,1.3304447942106133e-12,1.4021022518396417e-13,2.2570801576328605e-13,-1.3111595029066147e-12
in,inner,215,1.3457800902847124e-12,1.4182635035140335e-13,-2.2583303229705792e-13,1.3266964584750518e-12
in,inner,216,1.3610424863298483e-12,1.4343479287802846e-13,2.2380597271645433e-13,-1.3425153765120819e-12
in,inner,217,1.3770492459065627e-12,1.4512168088306462e-13,-2.2077296574920583e-13,1.3592365221866771e-12
in,inner,218,1.3896891183342474e-12,1.4645374619467627e-13,2.2176151860841807e-13,-1.3718810715514323e-12
in,inner,219,1.4054806926706064e-12,1.4811795669280816e-13,-2.1762410825052329e-13,1.3885300590833504e-12
in,inner,220,1.4180834648461204e-12,1.4944611215807829e-13,2.1691284301448215e-13,-1.4013955657862459e-12
in,inner,221,1.4315799150301930e-12,1.5086844875387498e-13,-2.1649185182841507e-13,1.4151156600114912e-12
in,inner,222,1.4442269427633977e-12,1.5220126813435336e-13,2.1360671568499087e-13,-1.4283429676439697e-12
in,inner,223,1.4564315395094153e-12,1.5348746149275868e-13,-2.1144445364649426e-13,1.4410010660301058e-12
in,inner,224,1.4685098383469359e-12,1.5476034482261736e-13,2.1101315689290228e-13,-1.4532703096601937e-12
in,inner,225,1.4791622470653627e-12,1.5588295932842886e-13,-2.0935372485800011e-13,1.4642718227950485e-12
in,inner,226,1.4914365855653045e-12,1.5717650248974596e-13,2.0611482371008926e-13,-1.4771255086178875e-12
in,inner,227,1.5008033996382843e-12,1.5816363334714320e-13,-2.0607604691822302e-13,1.4865878740432366e-12
in,inner,228,1.5117675552583045e-12,1.5931910160492023e-13,2.0390754544680740e-13,-1.4979528877910443e-12
in,inner,229,1.5216387743200582e-12,1.6035938967512904e-13,-2.0159483529851493e-13,1.5082254744882191e-12
in,inner,230,1.5303624420391465e-12,1.6127874192532833e-13,2.0041963600004681e-13,-1.5171819843082862e-12
in,inner,231,1.5403806528510512e-12,1.6233452086481526e-13,-1.9853950237801486e-13,1.5275321998810111e-12
in,inner,232,1.5482767943316648e-12,1.6316666345344341e-13,1.9671853513672586e-13,-1.5357287683050015e-12
in,inner,233,1.5569422134004082e-12,1.6407987711268645e-13,-1.9484211697765966e-13,1.5447024326127755e-12
in,inner,234,1.5646300450697699e-12,1.6489006676822730e-13,1.9333152218411722e-13,-1.5526397201105614e-12
in,inner,235,1.5724059925417410e-12,1.6570954259376175e-13,-1.9025406250428034e-13,1.5608536116759300e-12
in,inner,236,1.5794960195569264e-12,1.6645673202145185e-13,1.9000756311702036e-13,-1.5680257656539021e-12
in,inner,237,1.5861136704281878e-12,1.6715413962745400e-13,-1.8768259997834245e-13,1.5749704178760144e-12
in,inner,238,1.5931941334126891e-12,1.6790032114042136e-13,1.8540818475428397e-13,-1.5823689050808382e-12
in,inner,239,1.5984271931616089e-12,1.6845181225751995e-13,-1.8462922163342554e-13,1.5877284221042132e-12
in,inner,240,1.6055620681076075e-12,1.6920372802823888e-13,1.8046077749417973e-13,-1.5953881854684061e-12
in,inner,241,1.6094488218880707e-12,1.6961333737480084e-13,-1.8091354032140968e-13,1.5992485113969224e-12
in,inner,242,1.6160667837156016e-12,1.7031077775123341e-13,1.7790090388479661e-13,-1.6062450366696426e-12
in,inner,243,1.6199950399414370e-12,1.7072476087357069e-13,-1.7564055919559883e-13,1.6104453804461410e-12
in,inner,244,1.6248324505608501e-12,1.7123455612039838e-13,1.7424622701501925e-13,-1.6154623934857189e-12
in,inner,245,1.6292375092505688e-12,1.7169878753647940e-13,-1.7223163481825153e-13,1.6201083684484906e-12
in,inner,246,1.6326248951581621e-12,1.7205577051161325e-13,1.7091671442346111e-13,-1.6236537577392813e-12
in,inner,247,1.6371725956987887e-12,1.7253503437858852e-13,-1.6809880069702644e-13,1.6285198498364492e-12
in,inner,248,1.6394956423150367e-12,1.7277985091708325e-13,1.6667950777309807e-13,-1.6310008899012018e-12
in,inner,249,1.6435572259416649e-12,1.7320788487788425e-13,-1.6438239658356224e-13,1.6353161109212205e-12
in,inner,250,1.6451660578951973e-12,1.7337743320598440e-13,1.6282577138445239e-13,-1.6370886128195632e-12
in,inner,251,1.6485908270532840e-12,1.7373835585151464e-13,-1.6022522814691028e-13,1.6407862722821341e-12
in,inner,252,1.6498482855851759e-12,1.7387087434809807e-13,1.5951823195692327e-13,-1.6421185399116843e-12
in,inner,253,1.6523509448817213e-12,1.7413461954448224e-13,-1.5621917339972115e-13,1.6449496086244784e-12
in,inner,254,1.6538701787231036e-12,1.7429472548794882e-13,1.5499021819051804e-13,-1.6465918135150698e-12
in,inner,255,1.6550125393701278e-12,1.7441511428142418e-13,-1.5326937250234905e-13,1.6479001805100621e-12
in,inner,256,1.6566135360742669e-12,1.7458383688410783e-13,1.5121854385963869e-13,-1.6496973540311741e-12
in,inner,257,1.6567932511836792e-12,1.7460277633658967e-13,-1.4889632736646440e-13,1.6500890160426390e-12
in,inner,258,1.6580222219320898e-12,1.7473229262026335e-13,1.4716314586691069e-13,-1.6514783367998437e-12
in,inner,259,1.6574727009557017e-12,1.7467438081499494e-13,-1.4563658920805110e-13,1.6510620031656093e-12
in,inner,260,1.6587306682625587e-12,1.7480695292932544e-13,1.4257730798463954e-13,-1.6525916437773150e-12
in,inner,261,1.6573145545736589e-12,1.7465771440393094e-13,-1.4182906392533489e-13,1.6512347045249953e-12
in,inner,262,1.6580098152588075e-12,1.7473098513087162e-13,1.3974007136615304e-13,-1.6521105471333107e-12
in,inner,263,1.6563930549457665e-12,1.7456060126485448e-13,-1.3716188678674572e-13,1.6507042646354522e-12
in,inner,264,1.6563617871843289e-12,1.7455730608125031e-13,1.3528684345626770e-13,-1.6508276227492995e-12
in,inner,265,1.6544959640624650e-12,1.7436067448765967e-13,-1.3411494137471891e-13,1.6490512659098992e-12
in,inner,266,1.6539221209076119e-12,1.7430019946583814e-13,1.3125303313346295e-13,-1.6487058631911270e-12
in,inner,267,1.6520092676511711e-12,1.7409861155554189e-13,-1.2945200467129325e-13,1.6469295063517267e-12
in,inner,268,1.6502788690837989e-12,1.7391625181100758e-13,1.2871185598820981e-13,-1.6452518360034042e-12
in,inner,269,1.6480630817344646e-12,1.7368273889520541e-13,-1.2488775445894539e-13,1.6433243654745411e-12
in,inner,270,1.6467380439990603e-12,1.7354309849819928e-13,1.2325942735616182e-13,-1.6421185399116843e-12
in,inner,271,1.6429581796373701e-12,1.7314475379752205e-13,-1.2304971856262151e-13,1.6383437816279588e-12
in,inner,272,1.6414934915180988e-12,1.7299039620830005e-13,1.1987941503674746e-13,-1.6371102004894863e-12
in,inner,273,1.6382832007994194e-12,1.7265207658276526e-13,-1.1768364061026659e-13,1.6340509192660749e-12
in,inner,274,1.6352771713357059e-12,1.7233528322925603e-13,1.1694349192718315e-13,-1.6310903245337410e-12
in,inner,275,1.6319178469616708e-12,1.7198125754626713e-13,-1.1398289719484941e-13,1.6279323568192518e-12
in,inner,276,1.6294522902768687e-12,1.7172142244489035e-13,1.1250259982868253e-13,-1.6255638810333847e-12
in,inner,277,1.6245061829519156e-12,1.7120017208949531e-13,-1.1072624298928228e-13,1.6207282429705730e-12
in,inner,278,1.6223038403616558e-12,1.7096807606277083e-13,1.0848112531726252e-13,-1.6186727883985934e-12
in,inner,279,1.6169876274144532e-12,1.7040782176458672e-13,-1.0727221580155956e-13,1.6134254426308165e-12
in,inner,280,1.6143510609124573e-12,1.7012996462645821e-13,1.0460768054245919e-13,-1.6109582803538716e-12
in,inner,281,1.6083657766874918e-12,1.6949919959763161e-13,-1.0342344264952569e-13,1.6050370908892041e-12
in,inner,282,1.6053589698945221e-12,1.6918232432451883e-13,1.0105496686365869e-13,-1.6021751826479481e-12
in,inner,283,1.5999117142360689e-12,1.6860825996211174e-13,-9.8994886362409787e-14,1.5968461121297474e-12
in,inner,284,1.5954358814882587e-12,1.6813656995273517e-13,9.8291745113480530e-14,-1.5924052200312468e-12
in,inner,285,1.5903991087578796e-12,1.6760576473496142e-13,-9.3160047577435355e-14,1.5876682684595128e-12
in,inner,286,1.5850231711432684e-12,1.6703921629431997e-13,9.5528523363302360e-14,-1.5821418249591563e-12
in,inner,287,1.5818345201483063e-12,1.6670317719222255e-13,-9.1581063720190693e-14,1.5791812302268227e-12
in,inner,288,7.8595537338922779e-13,8.2828675317440826e-14,4.3422056074228342e-14,-7.8475497705059953e-13
