label,l,m,a,omega,omega_h,m_omega_h,p_horizon,superradiant,N,r_match,mapping,B_inc,B_ref,abs_B_inc,abs_B_ref,reflection_amplitude,R,T,amplification,flux_balance_error,self_rel_abs_B_inc,self_rel_abs_B_ref,self_abs_R,self_abs_T,score,passed,cond_outer_down,cond_outer_up,cond_inner
schwarzschild_l0,0,0,0.0000000000000000e+00,1.0000000000000000e-02,0.0000000000000000e+00,0.0000000000000000e+00,1.0000000000000000e-02,false,128,3.0000000000000000e+01,sinh,-2.0041376563016211e+00+4.8262801542703016e+01j,-3.9418283112373880e+00-4.8101731466338094e+01j,4.8304395043264364e+01,4.8262973183331468e+01,-9.9156126328044580e-01+1.2284934541691904e-01j,9.9828570050767895e-01,1.7142994919914091e-03,-1.7142994923210475e-03,3.2962521601120898e-13,2.5159911860495907e-10,2.5190029660802644e-10,6.0085270092713472e-13,8.6263223127158728e-13,2.5159911860495907e-10,true,1.1426734560163660e+08,1.1426734560163660e+08,3.2079794978590026e+07
schwarzschild_l0,0,0,0.0000000000000000e+00,2.0000000000000000e-02,0.0000000000000000e+00,0.0000000000000000e+00,2.0000000000000000e-02,false,128,3.0000000000000000e+01,sinh,-1.2086402595356474e+00+2.3210530313196465e+01j,-3.0923192856675259e+00-2.2948357024677492e+01j,2.3241977727740434e+01,2.3155766640225416e+01,-9.7911197214676038e-01+1.8421437925381945e-01j,9.9259519152498854e-01,7.4048084746294075e-03,-7.4048084750114596e-03,3.8202774277351637e-13,3.9468452015162510e-11,4.0274518012610851e-11,1.6004975122996257e-12,5.8451247314517119e-13,3.9468452015162510e-11,true,1.6755898821097583e+08,1.6755898821097583e+08,2.3603927899936818e+07
schwarzschild_l0,0,0,0.0000000000000000e+00,5.0000000000000003e-02,0.0000000000000000e+00,0.0000000000000000e+00,5.0000000000000003e-02,false,128,3.0000000000000000e+01,sinh,-5.8228227882943955e-02+8.2116186798870814e+00j,-1.8357968690584250e+00-7.7500917237039086e+00j,8.2118251241969862e+00,7.9645509522049354e+00,-9.4216322711281708e-01+2.3024173891324418e-01j,9.4068280486143230e-01,5.9317195136724551e-02,-5.9317195138567702e-02,1.8431922654826849e-12,2.9459770706061044e-11,2.9828196060657336e-11,6.9300121197102271e-13,3.4949473870504733e-12,2.9459770706061044e-11,true,3.1597400245546758e+08,3.1597400245546758e+08,1.5965143078405512e+07
schwarzschild_l0,0,0,0.0000000000000000e+00,8.0000000000000002e-02,0.0000000000000000e+00,0.0000000000000000e+00,8.0000000000000002e-02,false,128,3.0000000000000000e+01,sinh,5.6661176540643399e-01+4.5635183509920045e+00j,-1.1692637178395777e+00-3.9723508141539390e+00j,4.5985594083949568e+00,4.1408632714164195e+00,-8.8857226909332698e-01+1.4589362078771514e-01j,8.1084562598821353e-01,1.8915437401309709e-01,-1.8915437401178647e-01,1.3105072582675348e-12,1.3607679454236305e-11,1.5331611091581857e-11,2.7956525983086067e-12,5.1478821205819258e-12,1.3607679454236305e-11,true,4.6838158068577391e+08,4.6838158068577391e+08,1.2331564663838791e+07
schwarzschild_l0,0,0,0.0000000000000000e+00,1.0000000000000001e-01,0.0000000000000000e+00,0.0000000000000000e+00,1.0000000000000001e-01,false,128,3.0000000000000000e+01,linear,8.5621992639893352e-01+3.4049762474188765e+00j,-8.7426391535115244e-01-2.7500251660968855e+00j,3.5109793231873825e+00,2.8856499801346889e+00,-8.2034172154212559e-01+5.0476412879727151e-02j,6.7550840835990311e-01,3.2449159164025926e-01,-3.2449159164009689e-01,1.6231460620019789e-13,1.0972647631395514e-12,1.1489855192284971e-12,6.9722005946459831e-14,7.1209704799457541e-13,1.0972647631395514e-12,true,1.7424521948117206e+09,1.7424521948117206e+09,9.6884776519434452e+06
schwarzschild_l0,0,0,0.0000000000000000e+00,1.4999999999999999e-01,0.0000000000000000e+00,0.0000000000000000e+00,1.4999999999999999e-01,false,128,3.0000000000000000e+01,linear,1.3273059948946986e+00+1.9851723469330487e+00j,-4.2710852859303333e-01-1.2329755698811393e+00j,2.3880222886545832e+00,1.3048564867910288e+00,-5.2862659952389301e-01-1.3829566306420446e-01j,2.9857177214656233e-01,7.0142822785511283e-01,-7.0142822785343761e-01,1.6751044995544362e-12,1.6418873694720781e-12,1.3153973739206421e-12,1.9495516312417749e-13,2.3032686868873498e-12,1.6751044995544362e-12,true,1.7419864110535715e+09,1.7419864110535715e+09,7.2366275767560247e+06
schwarzschild_l0,0,0,0.0000000000000000e+00,2.0000000000000001e-01,0.0000000000000000e+00,0.0000000000000000e+00,2.0000000000000001e-01,false,128,3.0000000000000000e+01,linear,1.5847309689127220e+00+1.3745432461488429e+00j,-2.1004945088515148e-01-5.9717719944834435e-01j,2.0977944082689448e+00,6.3304137254852566e-01,-2.6216440745337127e-01-1.4943917197830836e-01j,9.1062242656939699e-02,9.0893775734162174e-01,-9.0893775734306026e-01,1.4385159730068153e-12,1.1948610012718686e-11,6.5146365247768161e-12,3.3626573747724819e-12,2.1721069387581338e-11,1.1948610012718686e-11,true,1.7418091428527362e+09,1.7418091428527362e+09,6.3181001681957552e+06
schwarzschild_l0,0,0,0.0000000000000000e+00,2.9999999999999999e-01,0.0000000000000000e+00,0.0000000000000000e+00,2.9999999999999999e-01,false,128,3.0000000000000000e+01,linear,1.8132017103488509e+00+8.5920791413155695e-01j,-5.1740887242857823e-02-1.5251741779007646e-01j,2.0064741917399038e+00,1.6105490412288245e-01,-5.5853020973867948e-02-5.7648335287011507e-02j,6.4428905132710296e-03,9.9355710949262332e-01,-9.9355710948672893e-01,5.8943960823398811e-12,8.0258299550519367e-10,9.4468238402555852e-09,1.1138779221903095e-10,1.5948241616214887e-09,8.0258299550519367e-10,true,1.7416776610036316e+09,1.7416776610036316e+09,5.9543281348290881e+06
schwarzschild_l0,0,0,0.0000000000000000e+00,5.0000000000000000e-01,0.0000000000000000e+00,0.0000000000000000e+00,5.0000000000000000e-01,false,128,2.0000000000000000e+01,linear,1.9355637663756728e+00+5.0371389244967768e-01j,-3.3693580484230167e-03-1.1109751439088655e-02j,2.0000336945044666e+00,1.1609442307742669e-02,-3.0293338012402867e-03-4.9514431324999345e-03j,3.3693652373717687e-05,9.9996630634700412e-01,-9.9996630634762629e-01,6.2216898299993773e-13,7.4072832279356272e-13,6.9032759391948240e-11,4.7018460088907310e-15,1.4813705817573464e-12,7.4072832279356272e-13,true,1.6794879155974247e+09,1.6794879155974247e+09,1.3406668810180800e+07
schwarzschild_l0,0,0,0.0000000000000000e+00,8.0000000000000004e-01,0.0000000000000000e+00,0.0000000000000000e+00,8.0000000000000004e-01,false,128,2.0000000000000000e+01,linear,1.9753071509186340e+00+3.1330770755889154e-01j,-6.2388941699031687e-05-2.3706766420974497e-04j,2.0000000150215245e+00,2.4513966929118097e-04,-4.9378111529825293e-05-1.1218362733091530e-04j,1.5023364139373552e-08,9.9999998497847575e-01,-9.9999998497663589e-01,1.8398615964088094e-12,3.7772007459957836e-12,2.0646553850068984e-08,6.2047485447793059e-16,7.5544015487594152e-12,3.7772007459957836e-12,true,1.6794205916685915e+09,1.6794205916685915e+09,1.3278196479226911e+07
schwarzschild_l0,0,0,0.0000000000000000e+00,1.0000000000000000e+00,0.0000000000000000e+00,0.0000000000000000e+00,1.0000000000000000e+00,false,128,2.0000000000000000e+01,linear,1.9842624490731562e+00+2.5040473949012509e-01j,-4.5391994094320948e-06-1.8611820740405806e-05j,2.0000000000902292e+00,1.9157353746057633e-05,-3.4168627649240434e-06-8.9485249888064859e-06j,9.1751050629618493e-11,9.9999999990977084e-01,-9.9999999990824895e-01,1.5218937221561646e-12,2.0237589381573754e-11,3.6045683493111042e-06,6.6143857629217410e-16,4.0475178764154407e-11,2.0237589381573754e-11,true,1.6794104819452631e+09,1.6794104819452631e+09,1.3254247202001886e+07
kerr_a05_l2m2,2,2,5.0000000000000000e-01,1.0000000000000000e-02,1.3397459621556135e-01,2.6794919243112270e-01,-2.5794919243112269e-01,true,128,3.0000000000000000e+01,sinh,-3.9226132217606818e+06-7.6096550371757243e+06j,5.4424751052660737e+06+6.6085708743268335e+06j,8.5611765705623422e+06,8.5611765705679674e+06,-9.7740496355571760e-01+2.1137534676011810e-01j,1.0000000000013136e+00,-1.3134538308578934e-12,1.3136158827364852e-12,2.2204460492503131e-16,1.1382777758465976e-08,1.1382777323320852e-08,4.4408920985006262e-16,2.9901505788089871e-20,1.1382777758465976e-08,true,1.5899655720706105e+09,1.5899655720706105e+09,7.7935294429537106e+09
kerr_a05_l2m2,2,2,5.0000000000000000e-01,2.0000000000000000e-02,1.3397459621556135e-01,2.6794919243112270e-01,-2.4794919243112271e-01,true,128,3.0000000000000000e+01,sinh,-4.1104789043071656e+05-9.9362481958931824e+05j,7.4229656853503792e+05+7.7797587026772439e+05j,1.0752909607782667e+06,1.0752909607997807e+06,-9.3244105160143465e-01+3.6132213512103861e-01j,1.0000000000400151e+00,-4.0015501119215004e-11,4.0015102342749742e-11,4.4408920985006262e-16,2.1411504264316705e-08,2.1411504047360263e-08,0.0000000000000000e+00,1.7135841645646756e-18,2.1411504264316705e-08,true,6.5405603688211954e+08,6.5405603688211954e+08,5.3909873083349466e+09
kerr_a05_l2m2,2,2,5.0000000000000000e-01,5.0000000000000003e-02,1.3397459621556135e-01,2.6794919243112270e-01,-2.1794919243112271e-01,true,128,3.0000000000000000e+01,sinh,-1.2690561915883602e+04-6.7951222721146492e+04j,5.4964475033359202e+04+4.1920466738994277e+04j,6.9126109618867820e+04,6.9126109736537997e+04,-7.4210257043303085e-01+6.7028634057482894e-01j,1.0000000034045069e+00,-3.4044626657389232e-09,3.4045068986188198e-09,4.4186876380081230e-14,5.5933586841822174e-09,5.5933862518082854e-09,5.5067062021407764e-14,3.8084761490723025e-17,5.5933586841822174e-09,true,4.1163393382999712e+08,4.1163393382999712e+08,3.4344136363145857e+09
kerr_a05_l2m2,2,2,5.0000000000000000e-01,8.0000000000000002e-02,1.3397459621556135e-01,2.6794919243112270e-01,-1.8794919243112268e-01,true,128,3.0000000000000000e+01,sinh,-9.6220012806563858e+01-1.6707932875843311e+04j,1.4238266918777361e+04+8.7427709104217647e+03j,1.6708209936272353e+04,1.6708210198655834e+04,-5.2816082390134056e-01+8.4914437847964808e-01j,1.0000000314077304e+00,-3.1407847792045381e-08,3.1407730416432855e-08,1.1735057370287905e-13,9.5821937519583988e-09,9.5822012222406738e-09,1.5987211554602254e-14,6.0191216052607710e-16,9.5821937519583988e-09,true,5.1427534907114720e+08,5.1427534907114720e+08,2.5086731588076110e+09
kerr_a05_l2m2,2,2,5.0000000000000000e-01,1.0000000000000001e-01,1.3397459621556135e-01,2.6794919243112270e-01,-1.6794919243112269e-01,true,128,3.0000000000000000e+01,linear,8.8794528005194434e+02-8.3795425417231254e+03j,7.3672489988566031e+03+4.0900890559629852e+03j,8.4264571457353413e+03,8.4264575176560284e+03,-3.9055405897264578e-01+9.2058004285043205e-01j,1.0000000882745124e+00,-8.8274534194247993e-08,8.8274512366481872e-08,2.1871393585115584e-14,2.0667041766468536e-08,2.0667087049702577e-08,9.1038288019262836e-14,3.6487470185773025e-15,2.0667041766468536e-08,true,1.8683401019696941e+09,1.8683401019696941e+09,1.6431316886641085e+09
kerr_a05_l2m2,2,2,5.0000000000000000e-01,1.4999999999999999e-01,1.3397459621556135e-01,2.6794919243112270e-01,-1.1794919243112270e-01,true,128,3.0000000000000000e+01,linear,8.3891413207568905e+02-2.1686876442249140e+03j,2.0785445208346732e+03+1.0424196030075318e+03j,2.3252920288019986e+03,2.3252926598228923e+03,-9.5610091362760830e-02+9.9541913442287189e-01j,1.0000005427455751e+00,-5.4274552900787465e-07,5.4274557514943922e-07,4.6185277824406512e-14,1.9743179618877484e-08,1.9743169371976644e-08,2.0872192862952943e-14,2.1431045190397951e-14,1.9743179618877484e-08,true,1.7928708131922469e+09,1.7928708131922469e+09,9.4578033393224990e+08
kerr_a05_l2m2,2,2,5.0000000000000000e-01,2.0000000000000001e-01,1.3397459621556135e-01,2.6794919243112270e-01,-6.7949192431122685e-02,true,128,3.0000000000000000e+01,linear,4.9973782746309331e+02-7.0290820622850845e+02j,7.5511772267678225e+02+4.1667293580178335e+02j,8.6244874779949203e+02,8.6244948288595253e+02,1.1357359219543901e-01+9.9353044432778215e-01j,1.0000017046503364e+00,-1.7046501439540230e-06,1.7046503364426258e-06,1.9251267247000214e-13,1.0312654572546395e-08,1.0312747283105809e-08,1.8607337892717624e-13,3.5158936224514775e-14,1.0312654572546395e-08,true,1.7695675215814440e+09,1.7695675215814440e+09,5.3922144051402318e+08
kerr_a05_l2m2,2,2,5.0000000000000000e-01,2.3999999999999999e-01,1.3397459621556135e-01,2.6794919243112270e-01,-2.7949192431122705e-02,true,128,3.0000000000000000e+01,linear,3.0785646351575008e+02-2.9725327158423528e+02j,3.5769374763390266e+02+2.3492706765169586e+02j,4.2794288123060943e+02,4.2794338902687883e+02,2.1997689473084309e-01+9.7550629879179251e-01j,1.0000023731978864e+00,-2.3731979086733662e-06,2.3731978864294234e-06,2.2204460492503131e-14,4.3147818955719624e-09,4.3147903242536695e-09,1.6875389974302379e-14,2.0479662972118723e-14,4.3147818955719624e-09,true,1.7608686562834926e+09,1.7608686562834926e+09,3.7062174805405813e+08
kerr_a05_l2m2,2,2,5.0000000000000000e-01,2.6000000000000001e-01,1.3397459621556135e-01,2.6794919243112270e-01,-7.9491924311226869e-03,true,128,3.0000000000000000e+01,linear,2.3718181276658959e+02-1.9308858164500344e+02j,2.4703767560537659e+02+1.8030783012241116e+02j,3.0584050200868546e+02,3.0584068854872720e+02,2.5419995770147019e-01+9.6715231548951586e-01j,1.0000012198521613e+00,-1.2198522011361414e-06,1.2198521612827307e-06,3.9857006584043120e-14,1.5617522797440337e-08,1.5617476471721026e-08,9.3258734068513149e-14,3.8102138758756474e-14,1.5617522797440337e-08,true,1.7580020711895001e+09,1.7580020711895001e+09,2.9697076967493099e+08
kerr_a05_l2m2,2,2,5.0000000000000000e-01,2.6500000000000001e-01,1.3397459621556135e-01,2.6794919243112270e-01,-2.9491924311226825e-03,true,128,3.0000000000000000e+01,linear,2.2178510194901006e+02-1.7327098301957761e+02j,2.2512531962865600e+02+1.6890854625890540e+02j,2.8144531440957326e+02,2.8144538819671806e+02,2.6085229093600332e-01+9.6537899638326552e-01j,1.0000005243445225e+00,-5.2434452626109616e-07,5.2434452246785668e-07,3.7747582837255322e-15,1.5024887738614885e-09,1.5024926213128526e-09,7.9936057773011271e-15,1.5756434887023978e-15,1.5024887738614885e-09,true,1.7573891124565229e+09,1.7573891124565229e+09,2.8040816387397236e+08
kerr_a05_l2m2,2,2,5.0000000000000000e-01,2.6700000000000002e-01,1.3397459621556135e-01,2.6794919243112270e-01,-9.4919243112268070e-04,true,128,3.0000000000000000e+01,linear,2.1586394532775284e+02-1.6591794380333960e+02j,2.1690079019739764e+02+1.6456022437904053e+02j,2.7226091707843636e+02,2.7226094144393107e+02,2.6330254460156610e-01+9.6471340251532944e-01j,1.0000001789863635e+00,-1.7898636434989656e-07,1.7898636350821562e-07,8.8817841970012523e-16,1.1090659754130819e-08,1.1090661684552656e-08,3.9968028886505635e-15,3.9701537762920652e-15,1.1090659754130819e-08,true,1.7571539160015395e+09,1.7571539160015395e+09,2.7402058102019584e+08
kerr_a05_l2m2,2,2,5.0000000000000000e-01,2.6800000000000002e-01,1.3397459621556135e-01,2.6794919243112270e-01,5.0807568877320186e-05,false,128,3.0000000000000000e+01,linear,2.1295320761334247e+02-1.6235776255187267e+02j,2.1289870302950598e+02+1.6242922530903067e+02j,2.6778557036117837e+02,2.6778556904011396e+02,2.6448265310643782e-01+9.6439043770622057e-01j,9.9999999013341601e-01,9.8665841770656149e-09,-9.8665839942668754e-09,2.2204460492503131e-16,1.5439331712807295e-08,1.5439331576701872e-08,2.2204460492503131e-16,3.0466693325932086e-16,1.5439331712807295e-08,true,1.7570380708241792e+09,1.7570380708241792e+09,2.7087813909396774e+08
kerr_a05_l2m2,2,2,5.0000000000000000e-01,2.6900000000000002e-01,1.3397459621556135e-01,2.6794919243112270e-01,1.0508075688773211e-03,false,128,3.0000000000000000e+01,linear,2.1007534627108578e+02-1.5887302511170918e+02j,2.0896828026223253e+02+1.6032633122671615e+02j,2.6338619785224580e+02,2.6338617017674574e+02,2.6563278790644157e-01+9.6407417341072843e-01j,9.9999978984852766e-01,2.1015147076570571e-07,-2.1015147233516274e-07,1.5543122344752192e-15,1.8858852112458317e-08,1.8858854525702012e-08,4.4408920985006262e-15,7.9264310882652960e-15,1.8858852112458317e-08,true,1.7569237750369349e+09,1.7569237750369349e+09,2.6776992362598306e+08
kerr_a05_l2m2,2,2,5.0000000000000000e-01,2.7000000000000002e-01,1.3397459621556135e-01,2.6794919243112270e-01,2.0508075688773220e-03,false,128,3.0000000000000000e+01,linear,2.0723009928703758e+02-1.5546218703521177e+02j,2.0510821623959151e+02+1.5825105665427736e+02j,2.5906139358902288e+02,2.5906133887784631e+02,2.6675297619996924e-01+9.6376471574160516e-01j,9.9999957762003833e-01,4.2237995552936144e-07,-4.2237996167315828e-07,6.1062266354383610e-15,2.1532841369655294e-08,2.1532843722970154e-08,5.5511151231257827e-15,1.8190081246680567e-14,2.1532841369655294e-08,true,1.7568109031404674e+09,1.7568109031404674e+09,2.6469586511174941e+08
kerr_a05_l2m2,2,2,5.0000000000000000e-01,2.7500000000000002e-01,1.3397459621556135e-01,2.6794919243112270e-01,7.0508075688773264e-03,false,128,3.0000000000000000e+01,linear,1.9348395851797650e+02-1.3946465734844173e+02j,1.8681942347797792e+02+1.4827285718326814e+02j,2.3850876892287275e+02,2.3850856832812920e+02,2.7190557722907660e-01+9.6232306165760173e-01j,9.9999831792633753e-01,1.6820736756746682e-06,-1.6820736624678645e-06,1.3100631690576847e-14,1.7657907160533752e-08,1.7657929876347896e-08,4.4853010194856324e-14,5.9403802313439291e-14,1.7657907160533752e-08,true,1.7562647404957829e+09,1.7562647404957829e+09,2.4983210296433318e+08
kerr_a05_l2m2,2,2,5.0000000000000000e-01,2.9999999999999999e-01,1.3397459621556135e-01,2.6794919243112270e-01,3.2050807568877293e-02,false,128,3.0000000000000000e+01,linear,1.3577028207880650e+02-8.1002630867124353e+01j,1.1650589434082464e+02+1.0686895512509201e+02j,1.5809805724029090e+02,1.5809679625370126e+02,2.8651221630098289e-01+9.5806826375701426e-01j,9.9998404810808106e-01,1.5951892089552427e-05,-1.5951891918941641e-05,1.7053025658242404e-13,1.6743089349119255e-08,1.6743491654985158e-08,8.0468964824831346e-13,5.3416791457217179e-13,1.6743089349119255e-08,true,1.7539444334379704e+09,1.7539444334379704e+09,1.8654343029279104e+08
kerr_a05_l2m2,2,2,5.0000000000000000e-01,4.0000000000000002e-01,1.3397459621556135e-01,2.6794919243112270e-01,1.3205080756887733e-01,false,160,3.0000000000000000e+01,linear,2.8248235165924186e+01-1.1818971261248864e+01j,1.5860996645747298e+01+2.6169593161943610e+01j,3.0621085409625543e+01,3.0600961110037911e+01,1.4797351328565603e-01+9.8832679984804317e-01j,9.9868602393197436e-01,1.3139760702008095e-03,-1.3139760680256352e-03,2.1751489498456067e-12,6.0355224978597837e-09,6.0447757650884173e-09,1.8481438601725131e-11,1.5861064198152697e-11,6.0355224978597837e-09,true,4.7689354580664530e+09,4.7689354580664530e+09,1.1050178232573073e+08
kerr_a05_l2m2,2,2,5.0000000000000000e-01,5.9999999999999998e-01,1.3397459621556135e-01,2.6794919243112270e-01,3.3205080756887728e-01,false,128,2.0000000000000000e+01,linear,-5.1619010304314106e-01-1.7785314011068183e+00j,2.4033024660292820e-01+1.1430150523338196e+00j,1.8519249896263807e+00,1.1680077214187878e+00,-6.2891526717942081e-01-4.7404049158397729e-02j,3.9778155716797403e-01,6.0221844603746255e-01,-6.0221844283202597e-01,3.2054365828315667e-09,1.1961876547471727e-08,2.3872521511050805e-08,9.4756693602704445e-09,1.4407325443777097e-08,1.1961876547471727e-08,true,1.6867247096455433e+09,1.6867247096455433e+09,1.5072241902158497e+07
kerr_a05_l2m2,2,2,5.0000000000000000e-01,8.0000000000000004e-01,1.3397459621556135e-01,2.6794919243112270e-01,5.3205080756887735e-01,false,160,2.0000000000000000e+01,linear,-1.5031774572962437e+00+4.7431712815374133e-01j,6.4848010259271546e-03+4.9258006862605813e-02j,1.5762357711280419e+00,4.9683034170855421e-02,5.4803801083665067e-03-3.1039960373234320e-02j,9.9351370610413622e-04,9.9900648841490447e-01,-9.9900648629389588e-01,2.1210087020051560e-09,1.2005698497728896e-09,5.5623773828694273e-08,1.0814038943832149e-10,2.3987541952763536e-09,2.1210087020051560e-09,true,4.5924582917421150e+09,4.5924582917421150e+09,3.1710955117382396e+07
kerr_a05_l2m2,2,2,5.0000000000000000e-01,1.0000000000000000e+00,1.3397459621556135e-01,2.6794919243112270e-01,7.3205080756887730e-01,false,128,2.0000000000000000e+01,linear,-9.9651451109493905e-01+1.3187171929242565e+00j,4.7765251495182826e-04+2.2760538229936113e-03j,1.6528932832269649e+00,2.3256338770760200e-03,9.2438934480524823e-04-1.0607429086822756e-03j,1.9796711791092105e-06,9.9999802413730465e-01,-9.9999802032882090e-01,3.8084837505891755e-09,4.0734680361538864e-09,8.0940484246989185e-06,3.2063626385470356e-11,8.1469200274852938e-09,4.0734680361538864e-09,true,1.6827047498223028e+09,1.6827047498223028e+09,1.1324332048119599e+07
kerr_a09_l2m2,2,2,9.0000000000000002e-01,2.0000000000000000e-02,3.1339450313662931e-01,6.2678900627325862e-01,-6.0678900627325860e-01,true,160,3.0000000000000000e+01,sinh,-7.8335619358036574e+05-2.7541191333454503e+03j,7.3136712553212140e+05-2.8063613268952095e+05j,7.8336103502339206e+05,7.8336103507900378e+05,-9.3236186125622156e-01+3.6152643031570530e-01j,1.0000000001419820e+00,-1.4198253027084908e-10,1.4198198172721277e-10,5.5511151231257827e-16,2.3351675295709825e-08,2.3351675294052059e-08,4.4408920985006262e-16,6.6310598021683555e-18,2.3351675295709825e-08,true,1.7812115500643787e+09,1.7812115500643787e+09,5.7411735642377443e+09
kerr_a09_l2m2,2,2,9.0000000000000002e-01,5.0000000000000003e-02,3.1339450313662931e-01,6.2678900627325862e-01,-5.7678900627325858e-01,true,160,3.0000000000000000e+01,sinh,-5.1521500451707929e+04-7.9926411653702808e+03j,4.3550539931935062e+04-2.8665272131251317e+04j,5.2137772503183449e+04,5.2137772820880673e+04,-7.4114073382696766e-01+6.7134970384238590e-01j,1.0000000121868355e+00,-1.2186897512371397e-08,1.2186835540717311e-08,6.1950444774083735e-14,2.4925503406229413e-08,2.4925498090904390e-08,1.0214051826551440e-14,6.0752911889508986e-16,2.4925503406229413e-08,true,1.1228366253390110e+09,1.1228366253390110e+09,3.7593319720783758e+09
kerr_a09_l2m2,2,2,9.0000000000000002e-01,8.0000000000000002e-02,3.1339450313662931e-01,6.2678900627325862e-01,-5.4678900627325866e-01,true,160,3.0000000000000000e+01,sinh,-1.2662867184587718e+04-3.5330895418469227e+03j,9.6538810277160719e+03-8.9237619744218573e+03j,1.3146517677515083e+04,1.3146518424032798e+04,-5.2489079770014158e-01+8.5116964469992884e-01j,1.0000001135688941e+00,-1.1356891122939282e-07,1.1356889406677340e-07,1.7208456881689926e-14,2.4538017093238624e-08,2.4537970040131652e-08,9.4591001698063337e-14,5.5735117065725909e-15,2.4538017093238624e-08,true,1.4032839298222010e+09,1.4032839298222010e+09,2.7851352308590212e+09
kerr_a09_l2m2,2,2,9.0000000000000002e-01,1.0000000000000001e-01,3.1339450313662931e-01,6.2678900627325862e-01,-5.2678900627325864e-01,true,192,3.0000000000000000e+01,linear,-6.4604618350726259e+03-2.2928399346134038e+03j,4.6024382314522563e+03-5.0805766938423503e+03j,6.8552667408488169e+03,6.8552678442455799e+03,-3.8482923182949241e-01+9.2298796538290784e-01j,1.0000003219121572e+00,-3.2191344933247924e-07,3.2191215715293708e-07,1.2921885783612197e-12,2.6860728973760128e-09,2.6854682816567671e-09,1.2088108292118704e-12,1.7293659925854236e-15,2.6860728973760128e-09,true,1.1574199243275711e+10,1.1574199243275711e+10,3.9409274040923624e+09
kerr_a09_l2m2,2,2,9.0000000000000002e-01,1.4999999999999999e-01,3.1339450313662931e-01,6.2678900627325862e-01,-4.7678900627325860e-01,true,160,1.2000000000000000e+01,linear,-1.8547035086211217e+03-9.9618835644527337e+02j,1.1422288875054776e+03-1.7685131164844900e+03j,2.1053067107689167e+03,2.1053088786754506e+03,-8.0482466178493681e-02+9.9675705771641765e-01j,1.0000020594696621e+00,-2.0594694732672165e-06,2.0594696621412112e-06,1.8895995879120164e-13,1.3152597539491084e-08,1.3152730228031449e-08,2.6600943670018751e-13,5.4174747116309723e-14,1.3152597539491084e-08,true,5.3269955439568291e+09,5.3269955439568291e+09,3.6063568985532918e+09
kerr_a09_l2m2,2,2,9.0000000000000002e-01,2.0000000000000001e-01,3.1339450313662931e-01,6.2678900627325862e-01,-4.2678900627325861e-01,true,128,1.2000000000000000e+01,linear,-7.3551080209001168e+02-5.3377046561969564e+02j,4.2314622377562011e+02-8.0426391904838647e+02j,9.0878327997326130e+02,9.0878665162877292e+02,1.4295381929875220e-01+9.8973310832502226e-01j,1.0000074201668105e+00,-7.4201674570347077e-06,7.4201668105455809e-06,6.4648286723922865e-13,1.8990976945921506e-08,1.8990772508907474e-08,4.0811798385220754e-13,2.8183245515312925e-13,1.8990976945921506e-08,true,1.7499203233346462e+09,1.7499203233346462e+09,1.2429573119528463e+09
kerr_a09_l2m2,2,2,9.0000000000000002e-01,2.9999999999999999e-01,3.1339450313662931e-01,6.2678900627325862e-01,-3.2678900627325863e-01,true,128,1.2000000000000000e+01,linear,-1.7281456403537234e+02-2.0921173505674173e+02j,1.3174927034684791e+02-2.3723339059119883e+02j,2.7135663549688280e+02,2.7136239947406705e+02,3.6482687333381542e-01+9.3109818795579080e-01j,1.0000424831210852e+00,-4.2483122120811266e-05,4.2483121085234998e-05,1.0356160373703460e-12,3.8603513842158279e-08,3.8600713081650741e-08,5.6024074268634649e-12,3.2799955175413613e-12,3.8603513842158279e-08,true,1.6356195678116734e+09,1.6356195678116734e+09,8.2662249148654139e+08
kerr_a09_l2m2,2,2,9.0000000000000002e-01,4.0000000000000002e-01,3.1339450313662931e-01,6.2678900627325862e-01,-2.2678900627325860e-01,true,128,1.2000000000000000e+01,linear,-4.4466696593022604e+01-9.8812634735330988e+01j,7.8008642774765434e+01-7.5216379611346525e+01j,1.0835692820135623e+02,1.0836444116682902e+02,3.3757485864700842e-01+9.4137234414208804e-01j,1.0001386755061177e+00,-1.3867551003646770e-04,1.3867550611768031e-04,3.9187542100194150e-12,4.2000759102372640e-08,4.1998145115731402e-08,5.2284843121697122e-12,1.1648953638721329e-11,4.2000759102372640e-08,true,1.6024031076514904e+09,1.6024031076514904e+09,4.5137818967527282e+08
kerr_a09_l2m2,2,2,9.0000000000000002e-01,5.0000000000000000e-01,3.1339450313662931e-01,6.2678900627325862e-01,-1.2678900627325862e-01,true,128,1.2000000000000000e+01,linear,-4.4253234580110616e+00-4.6672610602044600e+01j,4.6381243647782576e+01-6.8865467395936202e+00j,4.6881937546544606e+01,4.6889703435952534e+01,5.2850566283467376e-02+9.9876831180478021e-01j,1.0003313230218536e+00,-3.3132302996236789e-04,3.3132302185356899e-04,8.1088469272572183e-12,5.6143848794634663e-08,5.6131721527220798e-08,2.4262813980158171e-11,3.7203501238904091e-11,5.6143848794634663e-08,true,1.5882214638687901e+09,1.5882214638687901e+09,2.8571867634355336e+08
kerr_a09_l2m2,2,2,9.0000000000000002e-01,5.7999999999999996e-01,3.1339450313662931e-01,6.2678900627325862e-01,-4.6789006273258660e-02,true,128,1.2000000000000000e+01,linear,4.8850918286442937e+00-2.1029516621072894e+01j,1.7472312608708876e+01+1.2690730951201507e+01j,2.1589457878563518e+01,2.1594822526990843e+01,-3.8945346235229628e-01+9.2131592391755290e-01j,1.0004970310022454e+00,-4.9703101338290654e-04,4.9703100224540719e-04,1.1137535338434645e-11,2.3015295102270026e-08,2.3012898843518528e-08,4.7954973325659012e-12,2.2878631172722208e-11,2.3015295102270026e-08,true,1.5819865281568811e+09,1.5819865281568811e+09,1.8309531318341425e+08
kerr_a09_l2m2,2,2,9.0000000000000002e-01,6.2000000000000000e-01,3.1339450313662931e-01,6.2678900627325862e-01,-6.7890062732586243e-03,true,128,1.2000000000000000e+01,linear,4.8347458417926932e+00-1.2263434180458264e+01j,6.0484095092894945e+00+1.1713870994600995e+01j,1.3182055425963123e+01,1.3183248130495690e+01,-6.5841060897574744e-01+7.5277914223552456e-01j,1.0001809669966668e+00,-1.8096700063285757e-04,1.8096699666680927e-04,3.9660497108684467e-12,9.4671803370318982e-08,9.4657754639245939e-08,2.8102631333126737e-11,3.4264946240612770e-11,9.4671803370318982e-08,true,1.5797685047821982e+09,1.5797685047821982e+09,1.3326096173047543e+08
kerr_a09_l2m2,2,2,9.0000000000000002e-01,6.2500000000000000e-01,3.1339450313662931e-01,6.2678900627325862e-01,-1.7890062732586198e-03,true,128,1.2000000000000000e+01,linear,4.6836054742748949e+00-1.1384091795425840e+01j,4.9831844382985864e+00+1.1256544732303604e+01j,1.2309902771563214e+01,1.2310236653145756e+01,-6.9163667420394748e-01+7.2228315614191685e-01j,1.0000542467502263e+00,-5.4246751402997984e-05,5.4246750226250029e-05,1.1767253838002034e-12,9.1033820451750228e-08,9.1029807550497330e-08,8.0262463342251067e-12,9.8765785114707412e-12,9.1033820451750228e-08,true,1.5795219703950028e+09,1.5795219703950028e+09,1.2718875222748224e+08
kerr_a09_l2m2,2,2,9.0000000000000002e-01,6.2700000000000000e-01,3.1339450313662931e-01,6.2678900627325862e-01,2.1099372674138195e-04,false,128,1.2000000000000000e+01,linear,4.6168079413148764e+00-1.1046156309572082e+01j,4.5824208004250666e+00+1.1060422143786429e+01j,1.1972154558912409e+01,1.1972114198876049e+01,-7.0478785923211118e-01+7.0941337115423808e-01j,9.9999325769340297e-01,6.7423067451462809e-06,-6.7423065970295681e-06,1.4810375148499588e-13,8.2159178433968422e-08,8.2159619360461750e-08,8.8196117076222436e-13,1.1078848113500847e-12,8.2159178433968422e-08,true,1.5794250647692726e+09,1.5794250647692726e+09,1.2477889023876725e+08
kerr_a09_l2m2,2,2,9.0000000000000002e-01,6.2800000000000000e-01,3.1339450313662931e-01,6.2678900627325862e-01,1.2109937267413828e-03,false,128,1.2000000000000000e+01,linear,4.5821556603000833e+00-1.0880139630168399e+01j,4.3874887559181222e+00+1.0959835470184025e+01j,1.1805659188168233e+01,1.1805424647881662e+01,-7.1132834138553491e-01+7.0283159974587250e-01j,9.9996026685963857e-01,3.9733141239915638e-05,-3.9733140361430941e-05,8.7840845708342385e-13,7.6286010228286373e-08,7.6288378225027679e-08,4.7364334676558428e-12,6.0621658720997305e-12,7.6286010228286373e-08,true,1.5793770709375198e+09,1.5793770709375198e+09,1.2357849247358894e+08
kerr_a09_l2m2,2,2,9.0000000000000002e-01,6.3000000000000000e-01,3.1339450313662931e-01,6.2678900627325862e-01,3.2109937267413846e-03,false,128,1.2000000000000000e+01,linear,4.5104761393320008e+00-1.0553994587293301e+01j,4.0085305740491224e+00+1.0753987281830458e+01j,1.1477421171678749e+01,1.1476783513722729e+01,-7.2433215827979236e-01+6.8937059146122737e-01j,9.9988888788986463e-01,1.1111211259108010e-04,-1.1111211013536959e-04,2.4558133304708463e-12,6.1943700287303437e-08,6.1948741710473787e-08,1.0081824264318584e-11,1.3765391211335680e-11,6.1943700287303437e-08,true,1.5792815052747285e+09,1.5792815052747285e+09,1.2118735893831040e+08
kerr_a09_l2m2,2,2,9.0000000000000002e-01,6.3500000000000001e-01,3.1339450313662931e-01,6.2678900627325862e-01,8.2109937267413891e-03,false,128,1.2000000000000000e+01,linear,4.3186540367866071e+00-9.7727964211273903e+00j,3.1246088690787719e+00+1.0215576727474410e+01j,1.0684489813662307e+01,1.0682751914167177e+01,-7.5632371802767917e-01+6.5394888746891644e-01j,9.9967471387304585e-01,3.2528613401218112e-04,-3.2528612695414960e-04,7.0581318567519702e-12,1.6253352485624049e-08,1.6253201247228471e-08,3.0198066269804258e-13,1.0573980439073510e-11,1.6253352485624049e-08,true,1.5790467298703001e+09,1.5790467298703001e+09,1.1527164139482686e+08
kerr_a09_l2m2,2,2,9.0000000000000002e-01,6.5000000000000002e-01,3.1339450313662931e-01,6.2678900627325862e-01,2.3210993726741402e-02,false,128,1.2000000000000000e+01,linear,3.6633844405630760e+00-7.7147344045465287e+00j,1.0030041950733006e+00+8.4751959304478337e+00j,8.5403461576246151e+00,8.5343402483621524e+00,-8.4605977856142001e-01+5.3176768097470095e-01j,9.9859401542861026e-01,1.4059846020734203e-03,-1.4059845713897401e-03,3.0683677820775301e-11,6.9741143008887895e-08,6.9862230511229258e-08,2.4183488545048704e-10,1.9610993970235746e-10,6.9741143008887895e-08,true,1.5783760315920033e+09,1.5783760315920033e+09,9.8199568346055195e+07
kerr_a09_l2m2,2,2,9.0000000000000002e-01,7.5000000000000000e-01,3.1339450313662931e-01,6.2678900627325862e-01,1.2321099372674138e-01,false,128,1.2000000000000000e+01,linear,-2.9426251687528514e-02-1.5885895255656413e+00j,-1.1504374143047797e+00+8.5393006814351657e-01j,1.5888620409038812e+00,1.4327256560527764e+00,-5.2394550422340691e-01-7.3389327313327613e-01j,8.1311822774619358e-01,1.8688177589603616e-01,-1.8688177225380642e-01,3.6422296290083978e-09,4.7005675123844962e-08,6.1286804083881675e-08,2.3224494216655955e-08,1.7569007693118976e-08,4.7005675123844962e-08,true,1.5749084882170973e+09,1.5749084882170973e+09,3.0012380797185883e+07
kerr_a09_l2m2,2,2,9.0000000000000002e-01,9.0000000000000002e-01,3.1339450313662931e-01,6.2678900627325862e-01,2.7321099372674140e-01,false,192,1.2000000000000000e+01,linear,-8.9839767520472902e-01+2.6290370712941413e-01j,-6.3310323874635477e-02-2.1183961406636365e-02j,9.3607517969212839e-01,6.6760447347131352e-02,5.8555528818320525e-02+4.0715184394884474e-02j,5.0864761955026093e-03,9.9491352837229585e-01,-9.9491352380449738e-01,4.5677983617764539e-09,1.6011987268302376e-09,5.4602027989931707e-08,5.7175279701698889e-10,3.1861085991735649e-09,4.5677983617764539e-09,true,9.7310474257345619e+09,9.7310474257345619e+09,1.1181392416750343e+08
kerr_a09_l2m2,2,2,9.0000000000000002e-01,1.1000000000000001e+00,3.1339450313662931e-01,6.2678900627325862e-01,4.7321099372674147e-01,false,160,1.2000000000000000e+01,linear,-4.8461354304768806e-01+1.0002834384664416e+00j,-7.3236593971004081e-04-7.5083481192614440e-04j,1.1114932493611831e+00,1.0488626146676883e-03,-3.2064727659225200e-04+8.8750439960202064e-04j,8.9047873529897132e-07,9.9999911687246634e-01,-9.9999910952126470e-01,7.3512016474097663e-09,3.9558180980013446e-09,8.9620626489480990e-07,1.5890579664287231e-12,7.9116292406311572e-09,7.3512016474097663e-09,true,4.2799655435813022e+09,4.2799655435813022e+09,4.8524082219675340e+07
